,0,Begin Time,Duration,End Time,Nr,ORT
0,,644.0,386.0,1030.0,1,Buongiorno
1,,1030.0,50.0,1080.0,2,a
2,,1080.0,464.0,1544.0,3,tutti
3,<ii>,1544.0,206.0,1750.0,3,<ii>
4,,1750.0,810.0,2560.0,4,ragazzi
5,,2560.0,110.0,2670.0,5,<sp>
6,,2670.0,169.0,2839.0,6,io
7,<oo>,2839.0,171.0,3010.0,6,<oo>
8,,3010.0,240.0,3250.0,7,sono
9,,3250.0,480.0,3730.0,8,Camilla
10,,3730.0,630.0,4360.0,9,<sp>
11,,4360.0,540.0,4900.0,10,sono
12,,4900.0,120.0,5020.0,11,la
13,,5020.0,430.0,5450.0,12,storica
14,,5450.0,700.0,6150.0,13,dell'arte
15,,6150.0,269.0,6419.0,14,che
16,,6419.0,331.0,6750.0,15,questa
17,,6750.0,480.0,7230.0,16,mattina
18,,7230.0,58.0,7288.0,17,vi
19,,7288.0,916.0,8204.0,18,accompagnerà
20,,8204.0,794.0,8998.0,19,attraverso
21,,8998.0,112.0,9110.0,20,gli
22,,9110.0,495.0,9605.0,21,ambienti
23,,9605.0,213.0,9818.0,22,della
24,,9818.0,972.0,10790.0,23,Certosa
25,,10790.0,95.0,10885.0,24,di
26,,10885.0,155.0,11040.0,25,San
27,,11040.0,469.0,11509.0,26,Martino
28,,11509.0,455.0,11964.0,27,<inspiration>
29,,11964.0,136.0,12100.0,28,Voi
30,,12100.0,120.0,12220.0,29,la
31,,12220.0,440.0,12660.0,30,conoscete
32,,12660.0,320.0,12980.0,31,già
33,,12980.0,2145.0,15125.0,32,<INT>
34,,15125.0,355.0,15480.0,33,si
35,,15480.0,170.0,15650.0,34,<INT>
36,,15650.0,113.0,15763.0,35,più
37,,15763.0,67.0,15830.0,36,o
38,,15830.0,535.0,16365.0,37,meno
39,,16365.0,445.0,16810.0,38,okay
40,,16810.0,342.0,17152.0,39,<inspiration>
41,,17152.0,418.0,17570.0,40,perchè
42,,17570.0,35.0,17605.0,41,<sp>
43,,17605.0,375.0,17980.0,42,spesso
44,,17980.0,30.0,18010.0,43,e
45,,18010.0,140.0,18150.0,44,vol+
46,,18150.0,104.0,18254.0,45,<eeh>
47,,18254.0,219.0,18473.0,46,/siete
48,,18473.0,187.0,18660.0,47,tutti
49,,18660.0,610.0,19270.0,48,napoletani
50,,19270.0,1027.0,20297.0,49,<INT>
51,,20297.0,439.0,20736.0,50,Okay
52,,20736.0,159.0,20895.0,51,<unclear>
53,,20895.0,337.0,21232.0,52,okay
54,,21232.0,278.0,21510.0,53,perché
55,,21510.0,758.0,22268.0,54,solitamente
56,,22268.0,602.0,22870.0,55,succede
57,,22870.0,310.0,23180.0,56,<inspiration>
58,,23180.0,462.0,23642.0,57,che
59,,23642.0,278.0,23920.0,58,anche
60,,23920.0,149.0,24069.0,59,per
61,,24069.0,85.0,24154.0,60,i
62,,24154.0,816.0,24970.0,61,ragazzi
63,,24970.0,950.0,25920.0,62,napoletani
64,,25920.0,370.0,26290.0,63,spesso
65,,26290.0,35.0,26325.0,64,è
66,,26325.0,54.0,26379.0,65,il
67,,26379.0,361.0,26740.0,66,tipico
68,,26740.0,360.0,27100.0,67,posto
69,,27100.0,190.0,27290.0,68,dove
70,,27290.0,80.0,27370.0,69,ti
71,,27370.0,450.0,27820.0,70,portano
72,,27820.0,162.0,27982.0,71,con
73,,27982.0,68.0,28050.0,72,le
74,,28050.0,720.0,28770.0,73,scuole
75,,28770.0,429.0,29199.0,74,<inspiration>
76,,29199.0,185.0,29384.0,75,e
77,,29384.0,66.0,29450.0,76,a
78,,29450.0,390.0,29840.0,77,volte
79,,29840.0,800.0,30640.0,78,succede
80,,30640.0,750.0,31390.0,79,succede
81,,31390.0,280.0,31670.0,80,<inspiration>
82,,31670.0,350.0,32020.0,81,di
83,,32020.0,210.0,32230.0,82,non
84,,32230.0,930.0,33160.0,83,tornarci
85,,33160.0,160.0,33320.0,84,non
86,,33320.0,180.0,33500.0,85,dico
87,,33500.0,200.0,33700.0,86,mai
88,,33700.0,391.0,34091.0,87,più
89,,34091.0,115.0,34206.0,88,da
90,,34206.0,554.0,34760.0,89,adulti
91,,34760.0,378.0,35138.0,90,però
92,,35138.0,542.0,35680.0,91,insomma
93,,35680.0,161.0,35841.0,92,con
94,,35841.0,199.0,36040.0,93,non
95,,36040.0,502.0,36542.0,94,tanta
96,<oo>,36542.0,229.0,36771.0,94,<oo>
97,,36771.0,669.0,37440.0,95,attenzione
98,,37440.0,271.0,37711.0,96,allora
99,,37711.0,309.0,38020.0,97,oggi
100,,38020.0,90.0,38110.0,98,è
101,,38110.0,852.0,38962.0,99,l'occasione
102,,38962.0,388.0,39350.0,100,<inspiration>
103,,39350.0,614.0,39964.0,101,<eeh>
104,,39964.0,133.0,40097.0,102,per
105,,40097.0,613.0,40710.0,103,rivedere
106,,40710.0,640.0,41350.0,104,insieme
107,,41350.0,230.0,41580.0,105,delle
108,,41580.0,320.0,41900.0,106,cose
109,,41900.0,72.0,41972.0,107,che
110,,41972.0,418.0,42390.0,108,magari
111,,42390.0,870.0,43260.0,109,conoscete
112,,43260.0,310.0,43570.0,110,o
113,,43570.0,200.0,43770.0,111,dove
114,,43770.0,250.0,44020.0,112,siete
115,,44020.0,360.0,44380.0,113,stati
116,,44380.0,120.0,44500.0,114,un
117,,44500.0,470.0,44970.0,115,po'<oo>
118,,44970.0,2.0,44972.0,116,un
119,<aa>,44972.0,148.0,45120.0,116,<aa>
120,,45120.0,130.0,45250.0,117,po'
121,,45250.0,110.0,45360.0,118,di
122,,45360.0,330.0,45690.0,119,tempo
123,,45690.0,190.0,45880.0,120,fa
124,,45880.0,610.0,46490.0,121,<inspiration>
125,,46490.0,370.0,46860.0,122,la
126,,46860.0,470.0,47330.0,123,Certosa
127,,47330.0,110.0,47440.0,124,di
128,,47440.0,210.0,47650.0,125,San
129,,47650.0,810.0,48460.0,126,Martino
130,,48460.0,200.0,48660.0,127,qui
131,,48660.0,80.0,48740.0,128,a
132,,48740.0,679.0,49419.0,129,Napoli
133,,49419.0,1061.0,50480.0,130,<ehm>
134,,50480.0,501.0,50981.0,131,<breath>
135,,50981.0,133.0,51114.0,132,ha
136,,51114.0,758.0,51872.0,133,almeno
137,,51872.0,288.0,52160.0,134,due
138,,52160.0,550.0,52710.0,135,anime
139,,52710.0,1094.0,53804.0,136,<sp>
140,,53804.0,400.0,54204.0,137,<eeh>
141,,54204.0,590.0,54794.0,138,una
142,,54794.0,1292.0,56086.0,139,<ehm>
143,,56086.0,822.0,56908.0,140,racconta
144,,56908.0,152.0,57060.0,141,la
145,,57060.0,740.0,57800.0,142,storia
146,,57800.0,130.0,57930.0,143,dei
147,,57930.0,740.0,58670.0,144,certosini
148,,58670.0,823.0,59493.0,145,<sp>
149,,59493.0,71.0,59564.0,146,e
150,,59564.0,896.0,60460.0,147,quindi
151,,60460.0,400.0,60860.0,148,<breath>
152,,60860.0,299.0,61159.0,149,<eeh>
153,,61159.0,280.0,61439.0,150,questa
154,,61439.0,321.0,61760.0,151,storia
155,,61760.0,150.0,61910.0,152,si
156,,61910.0,378.0,62288.0,153,snoda
157,,62288.0,562.0,62850.0,154,attraverso
158,,62850.0,270.0,63120.0,155,quelli
159,,63120.0,70.0,63190.0,156,che
160,,63190.0,230.0,63420.0,157,erano
161,,63420.0,130.0,63550.0,158,gli
162,,63550.0,540.0,64090.0,159,ambienti
163,,64090.0,128.0,64218.0,160,che
164,,64218.0,352.0,64570.0,161,questi
165,,64570.0,520.0,65090.0,162,monaci
166,,65090.0,120.0,65210.0,163,<sp>
167,,65210.0,600.0,65810.0,164,abitavano
168,,65810.0,791.0,66601.0,165,<sp>
169,,66601.0,130.0,66731.0,166,<tongue-click>
170,,66731.0,269.0,67000.0,167,però
171,,67000.0,159.0,67159.0,168,poi
172,,67159.0,36.0,67195.0,169,in
173,,67195.0,470.0,67665.0,170,realtà
174,,67665.0,215.0,67880.0,171,come
175,,67880.0,580.0,68460.0,172,dice
176,,68460.0,300.0,68760.0,173,la
177,,68760.0,120.0,68880.0,174,la
178,,68880.0,460.0,69340.0,175,dicitura
179,,69340.0,440.0,69780.0,176,stessa
180,,69780.0,150.0,69930.0,177,del
181,,69930.0,370.0,70300.0,178,museo
182,,70300.0,700.0,71000.0,179,oggiggiorno
183,,71000.0,125.0,71125.0,180,non
184,,71125.0,59.0,71184.0,181,è
185,,71184.0,306.0,71490.0,182,solo
186,,71490.0,530.0,72020.0,183,Certosa
187,,72020.0,140.0,72160.0,184,ma
188,,72160.0,90.0,72250.0,185,è
189,,72250.0,230.0,72480.0,186,anche
190,,72480.0,300.0,72780.0,187,Museo
191,,72780.0,700.0,73480.0,188,nazionale
192,,73480.0,640.0,74120.0,189,<inspiration>
193,,74120.0,440.0,74560.0,190,Significa
194,,74560.0,100.0,74660.0,191,che
195,,74660.0,370.0,75030.0,192,questo
196,,75030.0,471.0,75501.0,193,luogo
197,,75501.0,183.0,75684.0,194,<sp>
198,,75684.0,37.0,75721.0,195,in
199,,75721.0,609.0,76330.0,196,realtà
200,,76330.0,53.0,76383.0,197,a
201,,76383.0,497.0,76880.0,198,partire
202,,76880.0,187.0,77067.0,199,dagli
203,,77067.0,224.0,77291.0,200,anni
204,,77291.0,497.0,77788.0,201,sessanta
205,,77788.0,129.0,77917.0,202,del
206,,77917.0,848.0,78765.0,203,milleottocento
207,,78765.0,45.0,78810.0,204,è
208,,78810.0,444.0,79254.0,205,diventato
209,,79254.0,246.0,79500.0,206,anche
210,,79500.0,520.0,80020.0,207,museo
211,,80020.0,429.0,80449.0,208,<sp>
212,,80449.0,491.0,80940.0,209,<breath>
213,,80940.0,261.0,81201.0,210,e
214,,81201.0,95.0,81296.0,211,<sp>
215,,81296.0,293.0,81589.0,212,<eeh>
216,,81589.0,889.0,82478.0,213,all'epoca
217,,82478.0,126.0,82604.0,214,<sp>
218,,82604.0,436.0,83040.0,215,<eeh>
219,,83040.0,160.0,83200.0,216,si
220,,83200.0,540.0,83740.0,217,scelse
221,,83740.0,40.0,83780.0,218,il
222,,83780.0,305.0,84085.0,219,Museo
223,,84085.0,85.0,84170.0,220,di
224,,84170.0,200.0,84370.0,221,San
225,,84370.0,490.0,84860.0,222,Martino
226,,84860.0,330.0,85190.0,223,come
227,,85190.0,172.0,85362.0,224,non
228,,85362.0,68.0,85430.0,225,un
229,,85430.0,320.0,85750.0,226,museo
230,,85750.0,680.0,86430.0,227,qualunque
231,,86430.0,330.0,86760.0,228,<breath>
232,,86760.0,280.0,87040.0,229,ma
233,,87040.0,260.0,87300.0,230,come
234,,87300.0,170.0,87470.0,231,un
235,,87470.0,430.0,87900.0,232,luogo
236,,87900.0,267.0,88167.0,233,che
237,,88167.0,111.0,88278.0,234,<sp>
238,,88278.0,299.0,88577.0,235,<eeh>
239,,88577.0,870.0,89447.0,236,doveva
240,,89447.0,215.0,89662.0,237,<sp>
241,,89662.0,131.0,89793.0,238,<eeh>
242,,89793.0,747.0,90540.0,239,diventare
243,,90540.0,100.0,90640.0,240,di
244,,90640.0,470.0,91110.0,241,fatto
245,,91110.0,70.0,91180.0,242,il
246,,91180.0,410.0,91590.0,243,Museo
247,,91590.0,470.0,92060.0,244,civico
248,,92060.0,90.0,92150.0,245,di
249,,92150.0,420.0,92570.0,246,Napoli
250,,92570.0,564.0,93134.0,247,<sp>
251,,93134.0,523.0,93657.0,248,<inspiration>
252,,93657.0,643.0,94300.0,249,quindi
253,,94300.0,260.0,94560.0,250,ecco
254,,94560.0,680.0,95240.0,251,spiegate
255,,95240.0,210.0,95450.0,252,delle
256,,95450.0,660.0,96110.0,253,sezioni
257,,96110.0,830.0,96940.0,254,speciali
258,,96940.0,740.0,97680.0,255,dedicate
259,,97680.0,170.0,97850.0,256,ad
260,,97850.0,650.0,98500.0,257,alcune
261,,98500.0,630.0,99130.0,258,glorie
262,,99130.0,604.0,99734.0,259,<sp>
263,,99734.0,228.0,99962.0,260,<mhh>
264,,99962.0,198.0,100160.0,261,della
265,,100160.0,540.0,100700.0,262,tradizione
266,,100700.0,740.0,101440.0,263,napoletana
267,,101440.0,410.0,101850.0,264,<inspiration>
268,,101850.0,170.0,102020.0,265,Si
269,,102020.0,450.0,102470.0,266,pensi
270,,102470.0,150.0,102620.0,267,per
271,,102620.0,892.0,103512.0,268,esempio
272,,103512.0,148.0,103660.0,269,alla
273,,103660.0,530.0,104190.0,270,sezione
274,,104190.0,630.0,104820.0,271,presepiale
275,,104820.0,178.0,104998.0,272,<sp>
276,,104998.0,312.0,105310.0,273,dove
277,,105310.0,450.0,105760.0,274,appunto
278,,105760.0,250.0,106010.0,275,sono
279,,106010.0,710.0,106720.0,276,custodite
280,,106720.0,360.0,107080.0,277,<breath>
281,,107080.0,940.0,108020.0,278,alcuni
282,,108020.0,203.0,108223.0,279,<eeh>
283,,108223.0,527.0,108750.0,280,dei
284,,108750.0,200.0,108950.0,281,degli
285,,108950.0,750.0,109700.0,282,esempi
286,,109700.0,299.0,109999.0,283,<sp>
287,,109999.0,367.0,110366.0,284,<eeh>
288,,110366.0,184.0,110550.0,285,più
289,,110550.0,380.0,110930.0,286,belli
290,,110930.0,80.0,111010.0,287,di
291,,111010.0,770.0,111780.0,288,questa
292,,111780.0,610.0,112390.0,289,gloriosa
293,,112390.0,132.0,112522.0,290,per
294,,112522.0,448.0,112970.0,291,l'appunto
295,,112970.0,1180.0,114150.0,292,tradizione
296,,114150.0,130.0,114280.0,293,<sp>
297,,114280.0,740.0,115020.0,294,napoletana
298,,115020.0,1095.0,116115.0,295,<sp>
299,,116115.0,72.0,116187.0,296,<tongue-click>
300,,116187.0,293.0,116480.0,297,<sp>
301,,116480.0,480.0,116960.0,298,però
302,,116960.0,160.0,117120.0,299,<sp>
303,,117120.0,292.0,117412.0,300,<eeh>
304,,117412.0,184.0,117596.0,301,<sp>
305,,117596.0,474.0,118070.0,302,oggi
306,,118070.0,180.0,118250.0,303,in
307,,118250.0,360.0,118610.0,304,verità
308,,118610.0,600.0,119210.0,305,<breath>
309,,119210.0,180.0,119390.0,306,più
310,,119390.0,240.0,119630.0,307,che
311,,119630.0,280.0,119910.0,308,su
312,,119910.0,367.0,120277.0,309,questi
313,,120277.0,673.0,120950.0,310,aspetti
314,,120950.0,440.0,121390.0,311,immagini
315,,121390.0,30.0,121420.0,312,e
316,,121420.0,550.0,121970.0,313,memorie
317,,121970.0,111.0,122081.0,314,che
318,,122081.0,639.0,122720.0,315,racconta
319,,122720.0,150.0,122870.0,316,la
320,,122870.0,550.0,123420.0,317,storia
321,,123420.0,70.0,123490.0,318,la
322,,123490.0,640.0,124130.0,319,crescita
323,,124130.0,410.0,124540.0,320,<sp>
324,,124540.0,560.0,125100.0,321,diciamo
325,,125100.0,590.0,125690.0,322,della
326,,125690.0,6.0,125696.0,323,della
327,<ee>,125696.0,211.0,125907.0,323,<ee>
328,,125907.0,623.0,126530.0,324,città
329,,126530.0,722.0,127252.0,325,delle
330,,127252.0,348.0,127600.0,326,<breath>
331,,127600.0,89.0,127689.0,327,dei
332,,127689.0,221.0,127910.0,328,suoi
333,,127910.0,620.0,128530.0,329,ricordi
334,,128530.0,550.0,129080.0,330,storici
335,,129080.0,30.0,129110.0,331,in
336,,129110.0,376.0,129486.0,332,realtà
337,,129486.0,164.0,129650.0,333,<sp>
338,,129650.0,145.0,129795.0,334,ci
339,,129795.0,715.0,130510.0,335,concentreremo
340,,130510.0,180.0,130690.0,336,per
341,,130690.0,170.0,130860.0,337,di
342,,130860.0,227.0,131087.0,338,pi+/
343,,131087.0,233.0,131320.0,339,per
344,,131320.0,129.0,131449.0,340,lo
345,,131449.0,411.0,131860.0,341,più
346,,131860.0,460.0,132320.0,342,<breath>
347,,132320.0,180.0,132500.0,343,su
348,,132500.0,420.0,132920.0,344,quella
349,,132920.0,90.0,133010.0,345,che
350,,133010.0,130.0,133140.0,346,è
351,,133140.0,410.0,133550.0,347,proprio
352,,133550.0,120.0,133670.0,348,la
353,,133670.0,240.0,133910.0,349,vita
354,,133910.0,100.0,134010.0,350,dei
355,,134010.0,691.0,134701.0,351,certosini
356,,134701.0,99.0,134800.0,352,e
357,,134800.0,110.0,134910.0,353,la
358,,134910.0,260.0,135170.0,354,vita
359,,135170.0,470.0,135640.0,355,della
360,,135640.0,680.0,136320.0,356,Certosa
361,,136320.0,518.0,136838.0,357,<sp>
362,,136838.0,452.0,137290.0,358,<inspiration>
363,,137290.0,380.0,137670.0,359,Allora
364,,137670.0,435.0,138105.0,360,provate
365,,138105.0,55.0,138160.0,361,a
366,,138160.0,841.0,139001.0,362,immaginare
367,<aa>,139001.0,309.0,139310.0,362,<aa>
368,,139310.0,350.0,139660.0,363,<sp>
369,,139660.0,160.0,139820.0,364,la
370,,139820.0,820.0,140640.0,365,Napoli
371,,140640.0,780.0,141420.0,366,di
372,,141420.0,710.0,142130.0,367,settecento
373,,142130.0,214.0,142344.0,368,anni
374,,142344.0,476.0,142820.0,369,fa
375,,142820.0,740.0,143560.0,370,<sp>
376,,143560.0,330.0,143890.0,371,<inspiration>
377,,143890.0,200.0,144090.0,372,su
378,,144090.0,390.0,144480.0,373,cui
379,,144480.0,870.0,145350.0,374,regnava
380,,145350.0,135.0,145485.0,375,<sp>
381,,145485.0,95.0,145580.0,376,la
382,,145580.0,550.0,146130.0,377,dinastia
383,,146130.0,200.0,146330.0,378,degli
384,,146330.0,775.0,147105.0,379,Angioini
385,,147105.0,245.0,147350.0,380,<sp>
386,,147350.0,300.0,147650.0,381,quindi
387,,147650.0,80.0,147730.0,382,di
388,,147730.0,670.0,148400.0,383,origine
389,,148400.0,810.0,149210.0,384,francese
390,,149210.0,544.0,149754.0,385,<inspiration>
391,,149754.0,41.0,149795.0,386,e
392,,149795.0,402.0,150197.0,387,provate
393,,150197.0,46.0,150243.0,388,a
394,,150243.0,717.0,150960.0,389,immaginare
395,,150960.0,230.0,151190.0,390,un
396,,151190.0,370.0,151560.0,391,Vomero
397,,151560.0,290.0,151850.0,392,visto
398,,151850.0,89.0,151939.0,393,che
399,,151939.0,211.0,152150.0,394,voi
400,,152150.0,240.0,152390.0,395,siete
401,,152390.0,620.0,153010.0,396,napoletani
402,,153010.0,330.0,153340.0,397,insomma
403,,153340.0,580.0,153920.0,398,possiamo
404,,153920.0,290.0,154210.0,399,fare
405,,154210.0,140.0,154350.0,400,un
406,,154350.0,1050.0,155400.0,401,confronto
407,,155400.0,730.0,156130.0,402,facile
408,,156130.0,436.0,156566.0,403,<breath>
409,,156566.0,295.0,156861.0,404,<eeh>
410,,156861.0,119.0,156980.0,405,un
411,,156980.0,360.0,157340.0,406,Vomero
412,,157340.0,1000.0,158340.0,407,completamente
413,,158340.0,840.0,159180.0,408,disabitato
414,,159180.0,377.0,159557.0,409,<sp>
415,,159557.0,484.0,160041.0,410,rispetto
416,,160041.0,66.0,160107.0,411,al
417,,160107.0,883.0,160990.0,412,quartiere
418,,160990.0,1150.0,162140.0,413,commerciale
419,,162140.0,102.0,162242.0,414,e
420,,162242.0,968.0,163210.0,415,animato
421,,163210.0,155.0,163365.0,416,che
422,,163365.0,52.0,163417.0,417,è
423,,163417.0,463.0,163880.0,418,oggi
424,,163880.0,332.0,164212.0,419,provate
425,,164212.0,37.0,164249.0,420,a
426,,164249.0,521.0,164770.0,421,immaginare
427,,164770.0,170.0,164940.0,422,una
428,,164940.0,760.0,165700.0,423,collina
429,,165700.0,360.0,166060.0,424,<breath>
430,,166060.0,460.0,166520.0,425,dove
431,,166520.0,130.0,166650.0,426,in
432,,166650.0,350.0,167000.0,427,pratica
433,,167000.0,144.0,167144.0,428,non
434,,167144.0,296.0,167440.0,429,c'era
435,,167440.0,440.0,167880.0,430,nulla
436,,167880.0,420.0,168300.0,431,<sp>
437,,168301.0,670.0,168971.0,432,una
438,,168971.0,169.0,169140.0,433,<vocal>
439,,169140.0,240.0,169380.0,434,quasi
440,,169380.0,720.0,170100.0,435,aperta
441,,170100.0,720.0,170820.0,436,campagna
442,,170820.0,459.0,171279.0,437,<inspiration>
443,,171279.0,250.0,171529.0,438,quindi
444,,171529.0,251.0,171780.0,439,un
445,,171780.0,490.0,172270.0,440,luogo
446,,172270.0,60.0,172330.0,441,che
447,,172330.0,180.0,172510.0,442,si
448,,172510.0,720.0,173230.0,443,prestava
449,,173230.0,70.0,173300.0,444,in
450,,173300.0,380.0,173680.0,445,maniera
451,,173680.0,880.0,174560.0,446,perfetta
452,,174560.0,566.0,175126.0,447,<inspiration>
453,,175126.0,289.0,175415.0,448,alla
454,,175415.0,665.0,176080.0,449,creazione
455,,176080.0,60.0,176140.0,450,di
456,,176140.0,80.0,176220.0,451,un
457,,176220.0,690.0,176910.0,452,monastero
458,,176910.0,940.0,177850.0,453,<sp>
459,,177850.0,630.0,178480.0,454,quindi
460,,178480.0,290.0,178770.0,455,il
461,,178770.0,480.0,179250.0,456,figlio
462,,179250.0,114.0,179364.0,457,del
463,,179364.0,246.0,179610.0,458,re
464,,179610.0,920.0,180530.0,459,Roberto
465,,180530.0,290.0,180820.0,460,cioè
466,,180820.0,497.0,181317.0,461,Carlo
467,,181317.0,253.0,181570.0,462,duca
468,,181570.0,90.0,181660.0,463,di
469,,181660.0,693.0,182353.0,464,Calabria
470,,182353.0,417.0,182770.0,465,<inspiration>
471,,182770.0,442.0,183212.0,466,diciamo
472,,183212.0,898.0,184110.0,467,appoggia
473,,184110.0,267.0,184377.0,468,<breath>
474,,184377.0,266.0,184643.0,469,<eeh>
475,,184643.0,887.0,185530.0,470,incoraggia
476,,185530.0,99.0,185629.0,471,<sp>
477,,185629.0,111.0,185740.0,472,la
478,,185740.0,650.0,186390.0,473,nascita
479,,186390.0,70.0,186460.0,474,<sp>
480,,186460.0,130.0,186590.0,475,di
481,,186590.0,720.0,187310.0,476,questa
482,,187310.0,90.0,187400.0,477,<sp>
483,,187400.0,730.0,188130.0,478,Certosa
484,,188130.0,330.0,188460.0,479,<breath>
485,,188460.0,140.0,188600.0,480,lo
486,,188600.0,400.0,189000.0,481,sapete
487,,189000.0,97.0,189097.0,482,che
488,,189097.0,73.0,189170.0,483,in
489,,189170.0,600.0,189770.0,484,Campania
490,,189770.0,130.0,189900.0,485,poi
491,,189900.0,120.0,190020.0,486,ce
492,,190020.0,90.0,190110.0,487,ne
493,,190110.0,270.0,190380.0,488,sono
494,,190380.0,350.0,190730.0,489,altre
495,,190730.0,290.0,191020.0,490,due
496,,191020.0,300.0,191320.0,491,quella
497,,191320.0,110.0,191430.0,492,di
498,,191430.0,530.0,191960.0,493,Padula
499,,191960.0,85.0,192045.0,494,<sp>
500,,192045.0,55.0,192100.0,495,e
501,,192100.0,890.0,192990.0,496,quella
502,,192990.0,110.0,193100.0,497,<sp>
503,,193100.0,60.0,193160.0,498,e
504,,193160.0,310.0,193470.0,499,quella
505,,193470.0,110.0,193580.0,500,di
506,,193580.0,410.0,193990.0,501,Capri
507,,193990.0,500.0,194490.0,502,<inspiration>
508,,194490.0,279.0,194769.0,503,Quindi
509,,194769.0,235.0,195004.0,504,negli
510,,195004.0,286.0,195290.0,505,anni
511,,195290.0,520.0,195810.0,506,Venti
512,,195810.0,744.0,196554.0,507,incominciano
513,,196554.0,142.0,196696.0,508,i
514,,196696.0,674.0,197370.0,509,lavori
515,,197370.0,592.0,197962.0,510,<inspiration>
516,,197962.0,406.0,198368.0,511,<eeh>
517,,198368.0,532.0,198900.0,512,affidati
518,,198900.0,160.0,199060.0,513,tra
519,,199060.0,140.0,199200.0,514,gli
520,,199200.0,500.0,199700.0,515,altri
521,,199700.0,458.0,200158.0,516,anche
522,,200158.0,312.0,200470.0,517,a
523,,200470.0,270.0,200740.0,518,Tino
524,,200740.0,110.0,200850.0,519,di
525,,200850.0,680.0,201530.0,520,Camaino
526,,201530.0,540.0,202070.0,521,<sp>
527,,202070.0,390.0,202460.0,522,che
528,,202460.0,380.0,202840.0,523,qui
529,,202840.0,500.0,203340.0,524,lavora
530,,203340.0,120.0,203460.0,525,in
531,,203460.0,310.0,203770.0,526,veste
532,,203770.0,80.0,203850.0,527,di
533,,203850.0,710.0,204560.0,528,architetto
534,,204560.0,350.0,204910.0,529,ma
535,,204910.0,160.0,205070.0,530,che
536,,205070.0,180.0,205250.0,531,per
537,,205250.0,140.0,205390.0,532,il
538,,205390.0,254.0,205644.0,533,re
539,,205644.0,381.0,206025.0,534,già
540,,206025.0,805.0,206830.0,535,lavorava
541,,206830.0,200.0,207030.0,536,<breath>
542,,207030.0,590.0,207620.0,537,come
543,,207620.0,210.0,207830.0,538,come
544,,207830.0,590.0,208420.0,539,scultore
545,,208420.0,310.0,208730.0,540,alcune
546,,208730.0,160.0,208890.0,541,sue
547,,208890.0,220.0,209110.0,542,opere
548,,209110.0,90.0,209200.0,543,le
549,,209200.0,260.0,209460.0,544,poss+/
550,,209460.0,130.0,209590.0,545,le
551,,209590.0,330.0,209920.0,546,potete
552,,209920.0,330.0,210250.0,547,vedere
553,,210250.0,130.0,210380.0,548,in
554,,210380.0,390.0,210770.0,549,Santa
555,,210770.0,440.0,211210.0,550,Chiara
556,,211210.0,90.0,211300.0,551,le
557,,211300.0,280.0,211580.0,552,potete
558,,211580.0,410.0,211990.0,553,vedere
559,,211990.0,333.0,212323.0,554,<inspiration>
560,,212323.0,57.0,212380.0,555,a
561,,212380.0,300.0,212680.0,556,Donna
562,,212680.0,520.0,213200.0,557,Regina
563,,213200.0,90.0,213290.0,558,le
564,,213290.0,300.0,213590.0,559,potete
565,,213590.0,340.0,213930.0,560,vedere
566,,213930.0,20.0,213950.0,561,a
567,,213950.0,240.0,214190.0,562,San
568,,214190.0,653.0,214843.0,563,Lorenzo
569,,214843.0,806.0,215649.0,564,<sp>
570,,215649.0,53.0,215702.0,565,<tongue-click>
571,,215702.0,364.0,216066.0,566,<eeh>
572,,216066.0,604.0,216670.0,567,incominciano
573,,216670.0,490.0,217160.0,568,quindi
574,,217160.0,51.0,217211.0,569,<sp>
575,,217211.0,96.0,217307.0,570,i
576,,217307.0,593.0,217900.0,571,lavori
577,,217900.0,385.0,218285.0,572,<inspiration>
578,,218285.0,237.0,218522.0,573,che
579,,218522.0,70.0,218592.0,574,<sp>
580,,218592.0,89.0,218681.0,575,in
581,,218681.0,584.0,219265.0,576,realtà
582,,219265.0,135.0,219400.0,577,<sp>
583,,219400.0,230.0,219630.0,578,<eeh>
584,,219630.0,470.0,220100.0,579,Carlo
585,,220100.0,140.0,220240.0,580,non
586,,220240.0,260.0,220500.0,581,vedrà
587,,220500.0,600.0,221100.0,582,mai
588,,221100.0,297.0,221397.0,583,<breath>
589,,221397.0,1256.0,222653.0,584,<ehm>
590,,222653.0,717.0,223370.0,585,completi
591,,223370.0,478.0,223848.0,586,perchè
592,,223848.0,102.0,223950.0,587,<sp>
593,,223950.0,154.0,224104.0,588,<eeh>
594,,224104.0,564.0,224668.0,589,muore
595,,224668.0,36.0,224704.0,590,in
596,,224704.0,336.0,225040.0,591,realtà
597,,225040.0,610.0,225650.0,592,muore
598,,225650.0,109.0,225759.0,593,<sp>
599,,225759.0,296.0,226055.0,594,ancor
600,,226055.0,425.0,226480.0,595,prima
601,,226480.0,350.0,226830.0,596,di
602,,226830.0,120.0,226950.0,597,di
603,,226950.0,180.0,227130.0,598,suo
604,,227130.0,400.0,227530.0,599,padre
605,,227530.0,468.0,227998.0,600,<inspiration>
606,,227998.0,62.0,228060.0,601,a
607,,228060.0,450.0,228510.0,602,mettere
608,,228510.0,400.0,228910.0,603,diciamo
609,,228910.0,110.0,229020.0,604,la
610,,229020.0,330.0,229350.0,605,parola
611,,229350.0,490.0,229840.0,606,fine
612,,229840.0,288.0,230128.0,607,<sp>
613,,230128.0,52.0,230180.0,608,in
614,,230180.0,337.0,230517.0,609,qualche
615,,230517.0,440.0,230957.0,610,modo
616,,230957.0,33.0,230990.0,611,a
617,,230990.0,310.0,231300.0,612,questa
618,,231300.0,280.0,231580.0,613,fase
619,,231580.0,90.0,231670.0,614,di
620,,231670.0,350.0,232020.0,615,lavori
621,,232020.0,832.0,232852.0,616,trecentesca
622,,232852.0,83.0,232935.0,617,<sp>
623,,232935.0,75.0,233010.0,618,è
624,,233010.0,120.0,233130.0,619,la
625,,233130.0,580.0,233710.0,620,regina
626,,233710.0,200.0,233910.0,621,<breath>
627,,233910.0,600.0,234510.0,622,Giovanna
628,,234510.0,590.0,235100.0,623,<sp>
629,,235100.0,128.0,235228.0,624,che
630,,235228.0,18.0,235246.0,625,in
631,,235246.0,462.0,235708.0,626,realtà
632,,235708.0,120.0,235828.0,627,<vocal>
633,,235828.0,352.0,236180.0,628,potete
634,,236180.0,600.0,236780.0,629,vedere
635,,236780.0,321.0,237101.0,630,<breath>
636,,237101.0,200.0,237301.0,631,<eeh>
637,,237301.0,119.0,237420.0,632,in
638,,237420.0,910.0,238330.0,633,quell'affresco
639,,238330.0,120.0,238450.0,634,<sp>
640,,238450.0,210.0,238660.0,635,ben
641,,238660.0,147.0,238807.0,636,più
642,,238807.0,533.0,239340.0,637,tardo
643,,239340.0,710.0,240050.0,638,naturalmente
644,,240050.0,160.0,240210.0,639,del
645,,240210.0,767.0,240977.0,640,Trecento
646,,240977.0,383.0,241360.0,641,<inspiration>
647,,241360.0,542.0,241902.0,642,dove
648,,241902.0,213.0,242115.0,643,<sp>
649,,242115.0,715.0,242830.0,644,offre
650,,242830.0,390.0,243220.0,645,<sp>
651,,243220.0,90.0,243310.0,646,il
652,,243310.0,730.0,244040.0,647,monastero
653,,244040.0,580.0,244620.0,648,stesso
654,,244620.0,120.0,244740.0,649,la
655,,244740.0,510.0,245250.0,650,Certosa
656,,245250.0,626.0,245876.0,651,stessa
657,,245876.0,85.0,245961.0,652,<sp>
658,,245961.0,79.0,246040.0,653,a
659,,246040.0,330.0,246370.0,654,San
660,,246370.0,490.0,246860.0,655,Bruno
661,,246860.0,220.0,247080.0,656,<sp>
662,,247080.0,110.0,247190.0,657,di
663,,247190.0,180.0,247370.0,658,cui
664,,247370.0,555.0,247925.0,659,parleremo
665,,247925.0,55.0,247980.0,660,a
666,,247980.0,594.0,248574.0,661,lungo
667,,248574.0,266.0,248840.0,662,<sp>
668,,248840.0,650.0,249490.0,663,durante
669,,249490.0,180.0,249670.0,664,la
670,,249670.0,360.0,250030.0,665,nostra
671,,250030.0,350.0,250380.0,666,visita
672,,250380.0,365.0,250745.0,667,perché
673,,250745.0,425.0,251170.0,668,<inspiration>
674,,251170.0,100.0,251270.0,669,si
675,,251270.0,330.0,251600.0,670,tratta
676,,251600.0,130.0,251730.0,671,del
677,,251730.0,1094.0,252824.0,672,fondatore
678,,252824.0,225.0,253049.0,673,<sp>
679,,253049.0,101.0,253150.0,674,del
680,,253150.0,470.0,253620.0,675,fondatore
681,,253620.0,590.0,254210.0,676,dell'ordine
682,,254210.0,922.0,255132.0,677,<sp>
683,,255132.0,460.0,255592.0,678,<inspiration>
684,,255592.0,393.0,255985.0,679,quindi
685,,255985.0,465.0,256450.0,680,la
686,,256450.0,600.0,257050.0,681,Certosa
687,,257050.0,200.0,257250.0,682,ha
688,,257250.0,770.0,258020.0,683,un'origine
689,,258020.0,480.0,258500.0,684,<sp>
690,,258500.0,1060.0,259560.0,685,trecentesca
691,,259560.0,240.0,259800.0,686,come
692,,259800.0,120.0,259920.0,687,vi
693,,259920.0,558.0,260478.0,688,dicevo
694,,260478.0,101.0,260579.0,689,<sp>
695,,260579.0,273.0,260852.0,690,però
696,,260852.0,128.0,260980.0,691,se
697,,260980.0,210.0,261190.0,692,già
698,,261190.0,170.0,261360.0,693,date
699,,261360.0,240.0,261600.0,694,uno
700,,261600.0,630.0,262230.0,695,sguardo
701,,262230.0,753.0,262983.0,696,insomma
702,,262983.0,407.0,263390.0,697,<inspiration>
703,,263390.0,290.0,263680.0,698,<eeh>
704,,263680.0,700.0,264380.0,699,nell'ambiente
705,,264380.0,210.0,264590.0,700,dove
706,,264590.0,140.0,264730.0,701,ci
707,,264730.0,605.0,265335.0,702,troviamo
708,,265335.0,145.0,265480.0,703,di
709,,265480.0,950.0,266430.0,704,trecentesco
710,,266430.0,140.0,266570.0,705,<inspiration>
711,,266570.0,187.0,266757.0,706,c'è
712,,266757.0,222.0,266979.0,707,ben
713,,266979.0,501.0,267480.0,708,poco
714,,267480.0,153.0,267633.0,709,<sp>
715,,267633.0,117.0,267750.0,710,in
716,,267750.0,370.0,268120.0,711,verità
717,,268120.0,290.0,268410.0,712,<inspiration>
718,,268410.0,270.0,268680.0,713,forse
719,,268680.0,290.0,268970.0,714,proprio
720,,268970.0,270.0,269240.0,715,sulla
721,,269240.0,360.0,269600.0,716,vostra
722,,269600.0,420.0,270020.0,717,testa
723,,270020.0,330.0,270350.0,718,potete
724,,270350.0,502.0,270852.0,719,vedere
725,,270852.0,246.0,271098.0,720,<breath>
726,,271098.0,182.0,271280.0,721,quel
727,,271280.0,175.0,271455.0,722,che
728,,271455.0,695.0,272150.0,723,resta
729,,272150.0,80.0,272230.0,724,di
730,,272230.0,530.0,272760.0,725,alcuni
731,,272760.0,560.0,273320.0,726,archi
732,,273320.0,70.0,273390.0,727,a
733,,273390.0,600.0,273990.0,728,sesto
734,,273990.0,520.0,274510.0,729,acuto
735,,274510.0,243.0,274753.0,730,<sp>
736,,274753.0,267.0,275020.0,731,quindi
737,,275020.0,230.0,275250.0,732,come
738,,275250.0,600.0,275850.0,733,vedete
739,,275850.0,292.0,276142.0,734,<inspiration>
740,,276142.0,148.0,276290.0,735,si
741,,276290.0,80.0,276370.0,736,è
742,,276370.0,1170.0,277540.0,737,intervenuti
743,,277540.0,619.0,278159.0,738,<breath>
744,,278159.0,154.0,278313.0,739,<eeh>
745,,278313.0,1017.0,279330.0,740,successivamente
746,,279330.0,260.0,279590.0,741,sulle
747,,279590.0,840.0,280430.0,742,strutture
748,,280430.0,240.0,280670.0,743,<sp>
749,,280670.0,670.0,281340.0,744,medievali
750,,281340.0,439.0,281779.0,745,<inspiration>
751,,281779.0,1181.0,282960.0,746,questo 
752,,282960.0,380.0,283340.0,747,questi
753,,283340.0,720.0,284060.0,748,lavori
754,,284060.0,583.0,284643.0,749,<inspiration>
755,,284643.0,197.0,284840.0,750,di
756,,284840.0,1060.0,285900.0,751,ammodernamento
757,,285900.0,950.0,286850.0,752,cominciano
758,,286850.0,410.0,287260.0,753,<sp>
759,,287260.0,180.0,287440.0,754,alla
760,,287440.0,260.0,287700.0,755,fine
761,,287700.0,120.0,287820.0,756,del
762,,287820.0,1166.0,288986.0,757,millecinquecento
763,,288986.0,489.0,289475.0,758,<inspiration>
764,,289475.0,35.0,289510.0,759,e
765,,289510.0,450.0,289960.0,760,potremmo
766,,289960.0,350.0,290310.0,761,dire
767,,290310.0,960.0,291270.0,762,che
768,,291270.0,330.0,291600.0,763,<ehm>
769,,291600.0,433.0,292033.0,764,<breath>
770,,292033.0,107.0,292140.0,765,non
771,,292140.0,160.0,292300.0,766,si
772,,292300.0,440.0,292740.0,767,fermano
773,,292740.0,855.0,293595.0,768,quasi
774,,293595.0,154.0,293749.0,769,mai
775,,293749.0,307.0,294056.0,770,più
776,,294056.0,774.0,294830.0,771,praticamente
777,,294830.0,220.0,295050.0,772,la
778,,295050.0,160.0,295210.0,773,la
779,,295210.0,340.0,295550.0,774,fase
780,,295550.0,244.0,295794.0,775,clou
781,,295794.0,148.0,295942.0,776,dei
782,,295942.0,598.0,296540.0,777,lavori
783,,296540.0,281.0,296821.0,778,<inspiration>
784,,296821.0,179.0,297000.0,779,si
785,,297000.0,220.0,297220.0,780,ha
786,,297220.0,185.0,297405.0,781,<sp>
787,,297405.0,46.0,297451.0,782,a
788,,297451.0,419.0,297870.0,783,partire
789,,297870.0,100.0,297970.0,784,da
790,,297970.0,160.0,298130.0,785,quel
791,,298130.0,583.0,298713.0,786,momento
792,,298713.0,137.0,298850.0,787,e
793,,298850.0,210.0,299060.0,788,nel
794,,299060.0,679.0,299739.0,789,Seicento
795,,299739.0,141.0,299880.0,790,ma
796,,299880.0,23.0,299903.0,791,in
797,,299903.0,343.0,300246.0,792,realtà
798,,300246.0,264.0,300510.0,793,poi
799,,300510.0,190.0,300700.0,794,come
800,,300700.0,270.0,300970.0,795,dire
801,,300970.0,279.0,301249.0,796,<inspiration>
802,,301249.0,197.0,301446.0,797,si
803,,301446.0,854.0,302300.0,798,prolunga
804,,302300.0,210.0,302510.0,799,<sp>
805,,302510.0,312.0,302822.0,800,fino
806,,302822.0,173.0,302995.0,801,al
807,,302995.0,1114.0,304109.0,802,millesettecento
808,,304109.0,283.0,304392.0,803,<inspiration>
809,,304392.0,100.0,304492.0,804,la
810,,304492.0,698.0,305190.0,805,Certosa
811,,305190.0,380.0,305570.0,806,<inspiration>
812,,305570.0,977.0,306547.0,807,<ehm>
813,,306547.0,243.0,306790.0,808,agli
814,,306790.0,254.0,307044.0,809,inizi
815,,307044.0,146.0,307190.0,810,del
816,,307190.0,1150.0,308340.0,811,milleottocento
817,,308340.0,222.0,308562.0,812,<inspiration>
818,,308562.0,938.0,309500.0,813,<ehm>
819,,309500.0,359.0,309859.0,814,<sp>
820,,309859.0,113.0,309972.0,815,<tongue click>
821,,309972.0,70.0,310042.0,816,gli
822,,310042.0,343.0,310385.0,817,ordini
823,,310385.0,315.0,310700.0,818,vengono
824,,310700.0,812.0,311512.0,819,soppressi
825,,311512.0,240.0,311752.0,820,<sp>
826,,311752.0,45.0,311797.0,821,<tongue click>
827,,311797.0,213.0,312010.0,822,quindi
828,,312010.0,21.0,312031.0,823,i
829,,312031.0,549.0,312580.0,824,certosini
830,,312580.0,206.0,312786.0,825,sono
831,,312786.0,614.0,313400.0,826,costretti
832,,313400.0,90.0,313490.0,827,ad
833,,313490.0,300.0,313790.0,828,andar
834,,313790.0,403.0,314193.0,829,via
835,,314193.0,147.0,314340.0,830,per
836,,314340.0,553.0,314893.0,831,un/
837,,314893.0,239.0,315132.0,832,poi
838,,315132.0,798.0,315930.0,833,ritorneranno
839,,315930.0,126.0,316056.0,834,per
840,,316056.0,274.0,316330.0,835,poi
841,,316330.0,350.0,316680.0,836,essere
842,,316680.0,1076.0,317756.0,837,definitivamente
843,,317756.0,323.0,318079.0,838,<breath>
844,,318079.0,645.0,318724.0,839,<ehm>
845,,318724.0,714.0,319438.0,840,cacciati
846,,319438.0,172.0,319610.0,841,ed
847,,319610.0,59.0,319669.0,842,è
848,,319669.0,186.0,319855.0,843,per
849,,319855.0,434.0,320289.0,844,questo
850,,320289.0,161.0,320450.0,845,che
851,,320450.0,286.0,320736.0,846,<noise>
852,,320736.0,414.0,321150.0,847,<inspiration>
853,,321150.0,830.0,321980.0,848,<cough>
854,,321980.0,654.0,322634.0,849,<tongue-click>
855,,322634.0,556.0,323190.0,850,scusate
856,,323190.0,270.0,323460.0,851,<inspiration>
857,,323460.0,230.0,323690.0,852,poi
858,,323690.0,100.0,323790.0,853,la
859,,323790.0,510.0,324300.0,854,Certosa
860,,324300.0,193.0,324493.0,855,come
861,,324493.0,127.0,324620.0,856,vi
862,,324620.0,590.0,325210.0,857,dicevo
863,,325210.0,583.0,325793.0,858,<sp>
864,,325793.0,156.0,325949.0,859,<tongue-click>
865,,325949.0,640.0,326589.0,860,diventerà
866,,326589.0,520.0,327109.0,861,diventerà
867,,327109.0,541.0,327650.0,862,museo
868,,327650.0,675.0,328325.0,863,<inspiration>
869,,328325.0,885.0,329210.0,864,<ehm>
870,,329210.0,101.0,329311.0,865,<tongue-click>
871,,329311.0,647.0,329958.0,866,questi
872,,329958.0,406.0,330364.0,867,<eeh>
873,,330364.0,836.0,331200.0,868,lavori
874,,331200.0,196.0,331396.0,869,<sp>
875,,331396.0,105.0,331501.0,870,<eeh>
876,,331501.0,127.0,331628.0,871,di
877,,331628.0,1095.0,332723.0,872,ammodernamento
878,,332723.0,267.0,332990.0,873,quindi
879,,332990.0,960.0,333950.0,874,incominciano
880,,333950.0,145.0,334095.0,875,alla
881,,334095.0,225.0,334320.0,876,fine
882,,334320.0,60.0,334380.0,877,del
883,,334380.0,1061.0,335441.0,878,millecinquecento
884,,335441.0,369.0,335810.0,879,e
885,,335810.0,270.0,336080.0,880,<sp>
886,,336080.0,612.0,336692.0,881,<ehm>
887,,336692.0,238.0,336930.0,882,come
888,,336930.0,90.0,337020.0,883,vi
889,,337020.0,506.0,337526.0,884,dicevo
890,,337526.0,114.0,337640.0,885,si
891,,337640.0,770.0,338410.0,886,prolungano
892,,338410.0,223.0,338633.0,887,<inspiration>
893,,338633.0,170.0,338803.0,888,per
894,,338803.0,417.0,339220.0,889,molto
895,,339220.0,521.0,339741.0,890,tempo
896,,339741.0,262.0,340003.0,891,<inspiration>
897,,340003.0,347.0,340350.0,892,e
898,,340350.0,278.0,340628.0,893,<ehm>
899,,340628.0,595.0,341223.0,894,vedono
900,,341223.0,487.0,341710.0,895,andare
901,,341710.0,84.0,341794.0,896,e
902,,341794.0,636.0,342430.0,897,venire
903,,342430.0,250.0,342680.0,898,dalla
904,,342680.0,696.0,343376.0,899,Certosa
905,,343376.0,230.0,343606.0,900,<inspiration>
906,,343606.0,604.0,344210.0,901,alcuni
907,,344210.0,173.0,344383.0,902,dei
908,,344383.0,797.0,345180.0,903,migliori
909,,345180.0,413.0,345593.0,904,<ehm>
910,,345593.0,897.0,346490.0,905,artisti
911,,346490.0,250.0,346740.0,906,<sp>
912,,346740.0,163.0,346903.0,907,su
913,,346903.0,587.0,347490.0,908,piazza
914,,347490.0,610.0,348100.0,909,<inspiration>
915,,348100.0,388.0,348488.0,910,<ehm>
916,,348488.0,257.0,348745.0,911,qui
917,,348745.0,120.0,348865.0,912,per
918,,348865.0,627.0,349492.0,913,esempio
919,,349492.0,245.0,349737.0,914,c'è
920,,349737.0,493.0,350230.0,915,Belisario
921,,350230.0,717.0,350947.0,916,Corenzio
922,,350947.0,448.0,351395.0,917,Giovanni
923,,351395.0,714.0,352109.0,918,Baglione
924,,352109.0,358.0,352467.0,919,ma
925,,352467.0,208.0,352675.0,920,<inspiration>
926,,352675.0,365.0,353040.0,921,<ehm>
927,,353040.0,480.0,353520.0,922,se
928,,353520.0,474.0,353994.0,923,<ehm>
929,,353994.0,799.0,354793.0,924,guardate
930,,354793.0,287.0,355080.0,925,<inspiration>
931,,355080.0,171.0,355251.0,926,per
932,,355251.0,329.0,355580.0,927,quanto
933,,355580.0,930.0,356510.0,928,possibile
934,,356510.0,340.0,356850.0,929,<inspiration>
935,,356850.0,893.0,357743.0,930,<ehm>
936,,357743.0,205.0,357948.0,931,la
937,,357948.0,421.0,358369.0,932,chiesa
938,,358369.0,161.0,358530.0,933,dove
939,,358530.0,90.0,358620.0,934,al
940,,358620.0,390.0,359010.0,935,momento
941,,359010.0,120.0,359130.0,936,non
942,,359130.0,458.0,359588.0,937,possiamo
943,,359588.0,589.0,360177.0,938,entrare
944,,360177.0,243.0,360420.0,939,<inspiration>
945,,360420.0,10.0,360430.0,940,<ehm>
946,<oo>,360430.0,820.0,361250.0,940,<oo>
947,,361250.0,150.0,361400.0,941,<sp>
948,,361400.0,475.0,361875.0,942,perché
949,,361875.0,144.0,362019.0,943,a+
950,,362022.0,234.0,362256.0,944,<ehm>
951,,362256.0,375.0,362631.0,945,abbiamo
952,,362631.0,59.0,362690.0,946,a
953,,362690.0,650.0,363340.0,947,cuore
954,,363340.0,350.0,363690.0,948,<sp>
955,,363690.0,449.0,364139.0,949,<ehm>
956,,364139.0,121.0,364260.0,950,la
957,,364260.0,1040.0,365300.0,951,conservazione
958,,365300.0,124.0,365424.0,952,del
959,,365424.0,663.0,366087.0,953,pavimento
960,,366087.0,73.0,366160.0,954,che
961,,366160.0,40.0,366200.0,955,in
962,,366200.0,310.0,366510.0,956,questo
963,,366510.0,570.0,367080.0,957,momento
964,,367080.0,146.0,367226.0,958,è
965,,367226.0,44.0,367270.0,959,in
966,,367270.0,160.0,367430.0,960,una
967,,367430.0,330.0,367760.0,961,fase
968,,367760.0,80.0,367840.0,962,un
969,,367840.0,294.0,368134.0,963,po'
970,,368134.0,306.0,368440.0,964,<inspiration>
971,,368440.0,1261.0,369701.0,965,<ehm>
972,,369701.0,852.0,370553.0,966,delicata
973,,370553.0,337.0,370890.0,967,dobbiamo
974,,370890.0,326.0,371216.0,968,insomma
975,,371216.0,854.0,372070.0,969,preservarlo
976,,372070.0,105.0,372175.0,970,ci
977,,372175.0,255.0,372430.0,971,dobbiamo
978,,372430.0,970.0,373400.0,972,accontentare
979,,373400.0,350.0,373750.0,973,<inspiration>
980,,373750.0,120.0,373870.0,974,di
981,,373870.0,606.0,374476.0,975,vederlo
982,,374476.0,124.0,374600.0,976,da
983,,374600.0,550.0,375150.0,977,qui
984,,375150.0,336.0,375486.0,978,<inspiration>
985,,375486.0,574.0,376060.0,979,comunque
986,,376060.0,381.0,376441.0,980,anche
987,,376441.0,88.0,376529.0,981,in
988,,376529.0,321.0,376850.0,982,questo
989,,376850.0,473.0,377323.0,983,modo
990,,377323.0,315.0,377638.0,984,anche
991,,377638.0,112.0,377750.0,985,se
992,,377750.0,131.0,377881.0,986,vi 
993,,377881.0,161.0,378042.0,987,<ehm>
994,,378042.0,138.0,378180.0,988,vi
995,,378180.0,220.0,378400.0,989,potete
996,,378400.0,210.0,378610.0,990,anche
997,,378610.0,420.0,379030.0,991,avvicinare
998,,379030.0,110.0,379140.0,992,un
999,,379140.0,795.0,379935.0,993,pochettino
1000,,379935.0,344.0,380279.0,994,<sp>
1001,,380279.0,267.0,380546.0,995,<inspiration>
1002,,380546.0,124.0,380670.0,996,<tongue-click>
1003,,380670.0,554.0,381224.0,997,potete
1004,,381224.0,913.0,382137.0,998,intuire
1005,,382137.0,363.0,382500.0,999,<inspiration>
1006,,382500.0,924.0,383424.0,1000,<ehm>
1007,,383424.0,439.0,383863.0,1001,<sp>
1008,,383863.0,441.0,384304.0,1002,la
1009,,384304.0,113.0,384417.0,1003,la
1010,,384417.0,723.0,385140.0,1004,bellezza
1011,,385140.0,300.0,385440.0,1005,<sp>
1012,,385440.0,150.0,385590.0,1006,di
1013,,385590.0,725.0,386315.0,1007,questo
1014,,386315.0,115.0,386430.0,1008,di
1015,,386430.0,380.0,386810.0,1009,questo
1016,,386810.0,465.0,387275.0,1010,luogo
1017,,387275.0,333.0,387608.0,1011,<inspiration>
1018,,387608.0,669.0,388277.0,1012,innanzitutto
1019,,388277.0,132.0,388409.0,1013,la
1020,,388409.0,693.0,389102.0,1014,ricchezza
1021,,389102.0,1018.0,390120.0,1015,incredibile
1022,,390120.0,73.0,390193.0,1016,<sp>
1023,,390193.0,110.0,390303.0,1017,di
1024,,390303.0,447.0,390750.0,1018,marmi
1025,,390750.0,690.0,391440.0,1019,commessi
1026,,391440.0,301.0,391741.0,1020,quindi
1027,,391741.0,559.0,392300.0,1021,questo
1028,,392300.0,187.0,392487.0,1022,<inspiration>
1029,,392487.0,213.0,392700.0,1023,questa
1030,,392700.0,290.0,392990.0,1024,sorta
1031,,392990.0,94.0,393084.0,1025,di
1032,,393084.0,526.0,393610.0,1026,puzzle
1033,,393610.0,150.0,393760.0,1027,<sp>
1034,,393760.0,131.0,393891.0,1028,in
1035,,393891.0,94.0,393985.0,1029,un
1036,,393985.0,383.0,394368.0,1030,certo
1037,,394368.0,552.0,394920.0,1031,senso
1038,,394920.0,220.0,395140.0,1032,<inspiration>
1039,,395140.0,320.0,395460.0,1033,<ehm>
1040,,395460.0,465.0,395925.0,1034,di
1041,,395925.0,131.0,396056.0,1035,di
1042,,396056.0,710.0,396766.0,1036,marmi
1043,,396766.0,227.0,396993.0,1037,<inspiration>
1044,,396993.0,606.0,397599.0,1038,<ehm>
1045,,397599.0,841.0,398440.0,1039,pregiati
1046,,398440.0,310.0,398750.0,1040,<inspiration>
1047,,398750.0,339.0,399089.0,1041,<ehm>
1048,,399089.0,141.0,399230.0,1042,un
1049,,399230.0,297.0,399527.0,1043,tipo
1050,,399527.0,113.0,399640.0,1044,di
1051,,399640.0,910.0,400550.0,1045,lavorazione
1052,,400550.0,342.0,400892.0,1046,che
1053,,400892.0,158.0,401050.0,1047,<tongue-click>
1054,,401050.0,197.0,401247.0,1048,<ehm>
1055,,401247.0,123.0,401370.0,1049,a
1056,,401370.0,841.0,402211.0,1050,Napoli
1057,,402211.0,1109.0,403320.0,1051,<ehm>
1058,<ii>,403320.0,3.0,403323.0,1051,<ii>
1059,,403323.0,804.0,404127.0,1052,diciamo
1060,,404127.0,263.0,404390.0,1053,<inspiration>
1061,,404390.0,1033.0,405423.0,1054,<eeh>
1062,,405423.0,817.0,406240.0,1055,diventerà
1063,,406240.0,303.0,406543.0,1056,quella
1064,,406543.0,290.0,406833.0,1057,poi
1065,,406833.0,571.0,407404.0,1058,più
1066,,407404.0,118.0,407522.0,1059,di
1067,,407522.0,411.0,407933.0,1060,moda
1068,,407933.0,84.0,408017.0,1061,in
1069,,408017.0,93.0,408110.0,1062,un
1070,,408110.0,309.0,408419.0,1063,certo
1071,,408419.0,347.0,408766.0,1064,senso
1072,,408766.0,356.0,409122.0,1065,grazie
1073,,409122.0,768.0,409890.0,1066,all'intervento
1074,,409890.0,80.0,409970.0,1067,di
1075,,409970.0,399.0,410369.0,1068,Cosimo
1076,,410369.0,759.0,411128.0,1069,Fanzago
1077,,411128.0,382.0,411510.0,1070,<inspiration>
1078,,411510.0,714.0,412224.0,1071,<ehm>
1079,,412224.0,787.0,413011.0,1072,<sp>
1080,,413011.0,879.0,413890.0,1073,marmoraro
1081,,413890.0,438.0,414328.0,1074,e
1082,,414328.0,996.0,415324.0,1075,architetto
1083,,415324.0,385.0,415709.0,1076,<inspiration>
1084,,415709.0,171.0,415880.0,1077,di
1085,,415880.0,670.0,416550.0,1078,origine
1086,,416550.0,564.0,417114.0,1079,<sp>
1087,,417114.0,1056.0,418170.0,1080,bergamasca
1088,,418170.0,360.0,418530.0,1081,<sp>
1089,,418530.0,570.0,419100.0,1082,quindi
1090,,419100.0,170.0,419270.0,1083,dal
1091,,419270.0,476.0,419746.0,1084,Nord
1092,,419746.0,75.0,419821.0,1085,che
1093,,419821.0,242.0,420063.0,1086,però
1094,,420063.0,327.0,420390.0,1087,passa
1095,,420390.0,250.0,420640.0,1088,tutta
1096,,420640.0,90.0,420730.0,1089,la
1097,,420730.0,160.0,420890.0,1090,sua
1098,,420890.0,260.0,421150.0,1091,vita
1099,,421150.0,190.0,421340.0,1092,vive
1100,,421340.0,30.0,421370.0,1093,e
1101,,421370.0,380.0,421750.0,1094,lavora
1102,,421750.0,340.0,422090.0,1095,qui
1103,,422090.0,121.0,422211.0,1096,<sp>
1104,,422211.0,92.0,422303.0,1097,<noise>
1105,,422303.0,67.0,422370.0,1098,a
1106,,422370.0,590.0,422960.0,1099,Napoli
1107,,422960.0,54.0,423014.0,1100,<sp>
1108,,423014.0,55.0,423069.0,1101,<noise>
1109,,423069.0,123.0,423192.0,1102,e
1110,,423192.0,168.0,423360.0,1103,in
1111,,423360.0,630.0,423990.0,1104,particolare
1112,,423990.0,110.0,424100.0,1105,in
1113,,424100.0,760.0,424860.0,1106,Certosa
1114,,424860.0,320.0,425180.0,1107,<inspiration>
1115,,425180.0,339.0,425519.0,1108,<ehm>
1116,,425519.0,533.0,426052.0,1109,lavora
1117,,426052.0,199.0,426251.0,1110,u+
1118,,426251.0,331.0,426582.0,1111,circa
1119,,426582.0,95.0,426677.0,1112,un
1120,,426677.0,693.0,427370.0,1113,trent'anni
1121,,427370.0,260.0,427630.0,1114,dagli
1122,,427630.0,151.0,427781.0,1115,an+
1123,,427781.0,168.0,427949.0,1116,<sp>
1124,,427949.0,56.0,428005.0,1117,<ehm>
1125,,428005.0,250.0,428255.0,1118,dagli
1126,,428255.0,215.0,428470.0,1119,anni
1127,,428470.0,490.0,428960.0,1120,Venti
1128,,428960.0,230.0,429190.0,1121,<tongue-click>
1129,,429190.0,189.0,429379.0,1122,in
1130,,429379.0,421.0,429800.0,1123,poi
1131,,429800.0,500.0,430300.0,1124,<inspiration>
1132,,430300.0,420.0,430720.0,1125,<ehm>
1133,,430720.0,142.0,430862.0,1126,in
1134,,430862.0,519.0,431381.0,1127,realtà
1135,,431381.0,129.0,431510.0,1128,i
1136,,431510.0,400.0,431910.0,1129,marmi
1137,,431910.0,118.0,432028.0,1130,che
1138,,432028.0,182.0,432210.0,1131,qui
1139,,432210.0,369.0,432579.0,1132,vedete
1140,,432579.0,701.0,433280.0,1133,vengono
1141,,433280.0,259.0,433539.0,1134,<tongue-click>
1142,,433539.0,727.0,434266.0,1135,lavorati
1143,,434266.0,654.0,434920.0,1136,vengono /
1144,,434920.0,112.0,435032.0,1137,la
1145,,435032.0,467.0,435499.0,1138,chiesa
1146,,435499.0,206.0,435705.0,1139,viene
1147,,435705.0,745.0,436450.0,1140,completata
1148,,436450.0,173.0,436623.0,1141,in
1149,,436623.0,792.0,437415.0,1142,seguito
1150,,437415.0,439.0,437854.0,1143,<inspiration>
1151,,437854.0,391.0,438245.0,1144,<ehm>
1152,,438245.0,149.0,438394.0,1145,e
1153,,438394.0,836.0,439230.0,1146,all'interno
1154,,439230.0,100.0,439330.0,1147,la
1155,,439330.0,636.0,439966.0,1148,decorazione
1156,,439966.0,129.0,440095.0,1149,non
1157,,440095.0,65.0,440160.0,1150,è
1158,,440160.0,670.0,440830.0,1151,solamente
1159,,440830.0,120.0,440950.0,1152,di
1160,,440950.0,450.0,441400.0,1153,tipo
1161,,441400.0,720.0,442120.0,1154,marmoreo
1162,,442120.0,182.0,442302.0,1155,come
1163,,442302.0,298.0,442600.0,1156,potete
1164,,442600.0,477.0,443077.0,1157,vedere
1165,,443077.0,263.0,443340.0,1158,<inspiration>
1166,,443340.0,415.0,443755.0,1159,ma
1167,,443755.0,77.0,443832.0,1160,<sp>
1168,,443832.0,451.0,444283.0,1161,<ehm>
1169,,444283.0,253.0,444536.0,1162,nelle
1170,,444536.0,685.0,445221.0,1163,cappelle
1171,,445221.0,109.0,445330.0,1164,per
1172,,445330.0,520.0,445850.0,1165,esempio
1173,,445850.0,797.0,446647.0,1166,abbiamo
1174,,446647.0,331.0,446978.0,1167,<ehm>
1175,,446978.0,170.0,447148.0,1168,<breath>
1176,,447148.0,322.0,447470.0,1169,<sp>
1177,,447470.0,323.0,447793.0,1170,cioè
1178,,447793.0,218.0,448011.0,1171,c'è
1179,,448011.0,324.0,448335.0,1172,stato
1180,,448335.0,600.0,448935.0,1173,l'intervento
1181,,448935.0,85.0,449020.0,1174,di
1182,,449020.0,325.0,449345.0,1175,alcuni
1183,,449345.0,102.0,449447.0,1176,dei
1184,,449447.0,421.0,449868.0,1177,pittori
1185,<aa>,449868.0,0.0,449868.0,1177,<aa>
1186,ta,449868.0,122.0,449990.0,1177,ta
1187,,449990.0,713.0,450703.0,1178,maggiori
1188,,450703.0,317.0,451020.0,1179,<inspiration>
1189,,451020.0,167.0,451187.0,1180,<ehm>
1190,,451187.0,117.0,451304.0,1181,del
1191,,451304.0,476.0,451780.0,1182,Seicento
1192,,451780.0,40.0,451820.0,1183,e
1193,,451820.0,150.0,451970.0,1184,del
1194,,451970.0,875.0,452845.0,1185,Settecento
1195,,452845.0,697.0,453542.0,1186,napoletano
1196,,453542.0,190.0,453732.0,1187,<inspiration>
1197,,453732.0,91.0,453823.0,1188,la
1198,,453823.0,252.0,454075.0,1189,prima
1199,,454075.0,380.0,454455.0,1190,cappella
1200,,454455.0,37.0,454492.0,1191,a
1201,,454492.0,604.0,455096.0,1192,sinistra
1202,,455096.0,114.0,455210.0,1193,per
1203,,455210.0,363.0,455573.0,1194,esempio
1204,,455573.0,27.0,455600.0,1195,è
1205,,455600.0,481.0,456081.0,1196,stata
1206,,456081.0,76.0,456157.0,1197,<ehm>
1207,,456157.0,573.0,456730.0,1198,decorata
1208,,456730.0,85.0,456815.0,1199,da
1209,,456815.0,645.0,457460.0,1200,Battistello
1210,,457460.0,644.0,458104.0,1201,Caracciolo
1211,,458104.0,229.0,458333.0,1202,<inspiration>
1212,,458333.0,542.0,458875.0,1203,<sp>
1213,,458875.0,83.0,458958.0,1204,<noise>
1214,,458958.0,126.0,459084.0,1205,che
1215,,459084.0,97.0,459181.0,1206,è
1216,,459181.0,726.0,459907.0,1207,stato
1217,,459907.0,293.0,460200.0,1208,<inspiration>
1218,,460200.0,500.0,460700.0,1209,diciamo
1219,,460700.0,600.0,461300.0,1210,l'allievo
1220,,461300.0,186.0,461486.0,1211,non
1221,,461486.0,767.0,462253.0,1212,ufficiale
1222,,462253.0,301.0,462554.0,1213,<inspiration>
1223,,462554.0,546.0,463100.0,1214,<ehm>
1224,,463100.0,300.0,463400.0,1215,di
1225,,463400.0,720.0,464120.0,1216,Caravaggio
1226,,464120.0,116.0,464236.0,1217,a
1227,,464236.0,522.0,464758.0,1218,Napoli
1228,,464758.0,352.0,465110.0,1219,colui
1229,,465110.0,152.0,465262.0,1220,che
1230,,465262.0,122.0,465384.0,1221,lo
1231,,465384.0,157.0,465541.0,1222,ha
1232,,465541.0,255.0,465796.0,1223,più
1233,,465796.0,121.0,465917.0,1224,di
1234,,465917.0,603.0,466520.0,1225,tutti /
1235,,466520.0,266.0,466786.0,1226,<inspiration>
1236,,466786.0,1616.0,468402.0,1227,<ehm>
1237,,468402.0,163.0,468565.0,1228,più
1238,,468565.0,89.0,468654.0,1229,di 
1239,,468654.0,205.0,468859.0,1230,tutti
1240,,468859.0,25.0,468884.0,1231,ha
1241,,468884.0,467.0,469351.0,1232,saputo
1242,,469351.0,219.0,469570.0,1233,come
1243,,469570.0,450.0,470020.0,1234,dire
1244,,470020.0,236.0,470256.0,1235,<inspiration>
1245,,470256.0,318.0,470574.0,1236,<ehm>
1246,,470574.0,839.0,471413.0,1237,interpretare
1247,,471413.0,33.0,471446.0,1238,ha
1248,,471446.0,804.0,472250.0,1239,saputo
1249,,472250.0,178.0,472428.0,1240,<sp>
1250,,472428.0,992.0,473420.0,1241,<ehm>
1251,,473420.0,315.0,473735.0,1242,fare
1252,,473735.0,123.0,473858.0,1243,<sp>
1253,,473858.0,352.0,474210.0,1244,<ehm>
1254,,474210.0,190.0,474400.0,1245,far
1255,,474400.0,591.0,474991.0,1246,tesoro
1256,,474991.0,249.0,475240.0,1247,<sp>
1257,,475240.0,430.0,475670.0,1248,del
1258,,475670.0,310.0,475980.0,1249,della
1259,,475980.0,482.0,476462.0,1250,sua
1260,,476462.0,226.0,476688.0,1251,della
1261,,476688.0,152.0,476840.0,1252,sua
1262,,476840.0,620.0,477460.0,1253,lezione
1263,,477460.0,308.0,477768.0,1254,anche
1264,,477768.0,102.0,477870.0,1255,se
1265,,477870.0,170.0,478040.0,1256,qui
1266,,478040.0,100.0,478140.0,1257,lo
1267,,478140.0,394.0,478534.0,1258,vediamo
1268,,478534.0,356.0,478890.0,1259,lavorare
1269,,478890.0,236.0,479126.0,1260,anche
1270,,479126.0,54.0,479180.0,1261,in
1271,,479180.0,530.0,479710.0,1262,affresco
1272,,479710.0,263.0,479973.0,1263,<inspiration>
1273,,479973.0,69.0,480042.0,1264,e
1274,,480042.0,718.0,480760.0,1265,Caravaggio
1275,,480760.0,325.0,481085.0,1266,<sp>
1276,,481085.0,125.0,481210.0,1267,a
1277,,481210.0,403.0,481613.0,1268,quanto
1278,,481613.0,77.0,481690.0,1269,ne
1279,,481690.0,672.0,482362.0,1270,sappiamo
1280,,482362.0,311.0,482673.0,1271,<inspiration>
1281,,482673.0,83.0,482756.0,1272,in
1282,,482756.0,692.0,483448.0,1273,affresco
1283,,483448.0,392.0,483840.0,1274,non
1284,,483840.0,588.0,484428.0,1275,lavorava
1285,,484428.0,282.0,484710.0,1276,quindi
1286,,484710.0,170.0,484880.0,1277,una
1287,,484880.0,362.0,485242.0,1278,chie+ 
1288,,485242.0,328.0,485570.0,1279,una
1289,,485570.0,420.0,485990.0,1280,cappella
1290,,485990.0,331.0,486321.0,1281,dedicata
1291,,486321.0,24.0,486345.0,1282,a
1292,,486345.0,318.0,486663.0,1283,San
1293,,486663.0,627.0,487290.0,1284,Gennaro
1294,,487290.0,181.0,487471.0,1285,<sp>
1295,,487471.0,129.0,487600.0,1286,il
1296,,487600.0,360.0,487960.0,1287,nostro
1297,,487960.0,320.0,488280.0,1288,santo
1298,,488280.0,470.0,488750.0,1289,patrono
1299,,488750.0,210.0,488960.0,1290,quindi
1300,,488960.0,150.0,489110.0,1291,non
1301,,489110.0,134.0,489244.0,1292,può
1302,,489244.0,756.0,490000.0,1293,mancare
1303,,490000.0,428.0,490428.0,1294,<inspiration>
1304,,490428.0,257.0,490685.0,1295,una
1305,,490685.0,485.0,491170.0,1296,cappella
1306,,491170.0,534.0,491704.0,1297,dedicata
1307,,491704.0,56.0,491760.0,1298,a
1308,,491760.0,330.0,492090.0,1299,San
1309,,492090.0,540.0,492630.0,1300,Bruno
1310,,492630.0,150.0,492780.0,1301,che
1311,,492780.0,120.0,492900.0,1302,vi
1312,,492900.0,18.0,492918.0,1303,ho
1313,,492918.0,312.0,493230.0,1304,detto
1314,,493230.0,13.0,493243.0,1305,è
1315,,493243.0,97.0,493340.0,1306,una
1316,,493340.0,313.0,493653.0,1307,sorta
1317,,493653.0,77.0,493730.0,1308,di
1318,,493730.0,490.0,494220.0,1309,evergreen
1319,,494220.0,48.0,494268.0,1310,e
1320,,494268.0,544.0,494812.0,1311,naturalmente
1321,,494812.0,118.0,494930.0,1312,in
1322,,494930.0,403.0,495333.0,1313,Certosa
1323,,495333.0,387.0,495720.0,1314,essendo
1324,,495720.0,23.0,495743.0,1315,il
1325,,495743.0,607.0,496350.0,1316,fondatore
1326,,496350.0,744.0,497094.0,1317,dell'Ordine
1327,,497094.0,276.0,497370.0,1318,<inspiration>
1328,,497370.0,145.0,497515.0,1319,una
1329,,497515.0,510.0,498025.0,1320,cappella
1330,,498025.0,499.0,498524.0,1321,dedicata
1331,,498524.0,926.0,499450.0,1322,all'Assunta
1332,,499450.0,300.0,499750.0,1323,<inspiration>
1333,,499750.0,882.0,500632.0,1324,<ehm>
1334,,500632.0,177.0,500809.0,1325,una
1335,,500809.0,479.0,501288.0,1326,cappella
1336,,501288.0,92.0,501380.0,1327,per
1337,,501380.0,350.0,501730.0,1328,esempio
1338,,501730.0,780.0,502510.0,1329,dedicata
1339,,502510.0,260.0,502770.0,1330,<inspiration>
1340,,502770.0,208.0,502978.0,1331,<ehm>
1341,,502978.0,95.0,503073.0,1332,a
1342,,503073.0,277.0,503350.0,1333,San
1343,,503350.0,657.0,504007.0,1334,Martino
1344,,504007.0,717.0,504724.0,1335,<sp>
1345,,504724.0,159.0,504883.0,1336,che
1346,,504883.0,189.0,505072.0,1337,è
1347,,505072.0,193.0,505265.0,1338,<sp>
1348,,505265.0,86.0,505351.0,1339,il
1349,,505351.0,599.0,505950.0,1340,santo
1350,,505950.0,90.0,506040.0,1341,di
1351,,506040.0,369.0,506409.0,1342,fatto
1352,,506409.0,38.0,506447.0,1343,a
1353,,506447.0,195.0,506642.0,1344,cui
1354,,506642.0,34.0,506676.0,1345,è
1355,,506676.0,500.0,507176.0,1346,dedicata
1356,,507176.0,80.0,507256.0,1347,la
1357,,507256.0,494.0,507750.0,1348,Certosa
1358,,507750.0,306.0,508056.0,1349,santo
1359,,508056.0,794.0,508850.0,1350,francese
1360,,508850.0,168.0,509018.0,1351,<sp>
1361,,509018.0,100.0,509118.0,1352,se
1362,,509118.0,793.0,509911.0,1353,pensate
1363,,509911.0,189.0,510100.0,1354,a
1364,,510100.0,630.0,510730.0,1355,questa
1365,,510730.0,327.0,511057.0,1356,piccola
1366,,511057.0,673.0,511730.0,1357,informazione
1367,,511730.0,84.0,511814.0,1358,è
1368,,511814.0,576.0,512390.0,1359,ovvio
1369,,512390.0,462.0,512852.0,1360,visto
1370,,512852.0,254.0,513106.0,1361,che
1371,,513106.0,488.0,513594.0,1362,<inspiration>
1372,,513594.0,439.0,514033.0,1363,<sp>
1373,,514033.0,55.0,514088.0,1364,a
1374,,514088.0,700.0,514788.0,1365,capo
1375,,514788.0,478.0,515266.0,1366,insomma
1376,,515266.0,216.0,515482.0,1367,sul
1377,,515482.0,434.0,515916.0,1368,trono
1378,,515916.0,696.0,516612.0,1369,napoletano
1379,,516612.0,363.0,516975.0,1370,c'erano
1380,,516975.0,95.0,517070.0,1371,dei
1381,,517070.0,440.0,517510.0,1372,sovrani
1382,,517510.0,100.0,517610.0,1373,di
1383,,517610.0,370.0,517980.0,1374,origine
1384,,517980.0,519.0,518499.0,1375,francese
1385,,518499.0,235.0,518734.0,1376,<inspiration>
1386,,518734.0,65.0,518799.0,1377,e
1387,,518799.0,381.0,519180.0,1378,poi
1388,,519180.0,210.0,519390.0,1379,<ehm>
1389,,519390.0,210.0,519600.0,1380,c'è
1390,,519600.0,237.0,519837.0,1381,anche
1391,,519837.0,447.0,520284.0,1382,una
1392,,520284.0,211.0,520495.0,1383,<ehm>
1393,,520495.0,98.0,520593.0,1384,una
1394,,520593.0,400.0,520993.0,1385,cappella
1395,,520993.0,459.0,521452.0,1386,dedicata
1396,,521452.0,30.0,521482.0,1387,a
1397,,521482.0,289.0,521771.0,1388,San
1398,,521771.0,328.0,522099.0,1389,Giovanni
1399,,522099.0,741.0,522840.0,1390,Battista
1400,,522840.0,479.0,523319.0,1391,<inspiration>
1401,,523319.0,233.0,523552.0,1392,che
1402,,523552.0,178.0,523730.0,1393,in
1403,,523730.0,633.0,524363.0,1394,fondo
1404,,524363.0,64.0,524427.0,1395,è
1405,,524427.0,313.0,524740.0,1396,stato
1406,,524740.0,52.0,524792.0,1397,il
1407,,524792.0,342.0,525134.0,1398,primo
1408,,525134.0,571.0,525705.0,1399,eremita
1409,,525705.0,366.0,526071.0,1400,<sp>
1410,,526071.0,72.0,526143.0,1401,e
1411,,526143.0,327.0,526470.0,1402,quindi
1412,,526470.0,271.0,526741.0,1403,anche
1413,,526741.0,94.0,526835.0,1404,in
1414,,526835.0,341.0,527176.0,1405,questo
1415,,527176.0,639.0,527815.0,1406,senso
1416,,527815.0,435.0,528250.0,1407,<inspiration>
1417,,528250.0,278.0,528528.0,1408,<ehm>
1418,,528528.0,57.0,528585.0,1409,è
1419,,528585.0,386.0,528971.0,1410,molto
1420,,528971.0,529.0,529500.0,1411,caro
1421,,529500.0,129.0,529629.0,1412,<tongue-click>
1422,,529629.0,91.0,529720.0,1413,ai
1423,,529720.0,770.0,530490.0,1414,Certosini
1424,,530490.0,299.0,530789.0,1415,quindi
1425,,530789.0,223.0,531012.0,1416,come
1426,,531012.0,662.0,531674.0,1417,sempre
1427,,531674.0,216.0,531890.0,1418,<inspiration>
1428,,531890.0,167.0,532057.0,1419,la
1429,,532057.0,1242.0,533299.0,1420,decorazione
1430,,533299.0,222.0,533521.0,1421,<inspiration>
1431,,533521.0,411.0,533932.0,1422,<ehm>
1432,,533932.0,52.0,533984.0,1423,il
1433,,533984.0,280.0,534264.0,1424,prog+ /
1434,,534264.0,30.0,534294.0,1425,il
1435,,534294.0,510.0,534804.0,1426,cosiddetto
1436,,534804.0,526.0,535330.0,1427,programma
1437,,535330.0,847.0,536177.0,1428,iconografico
1438,,536177.0,73.0,536250.0,1429,di
1439,,536250.0,180.0,536430.0,1430,una
1440,,536430.0,980.0,537410.0,1431,chiesa
1441,,537410.0,824.0,538234.0,1432,ma
1442,,538234.0,376.0,538610.0,1433,anche
1443,,538610.0,70.0,538680.0,1434,di
1444,,538680.0,140.0,538820.0,1435,un
1445,,538820.0,640.0,539460.0,1436,palazzo
1446,,539460.0,56.0,539516.0,1437,e
1447,,539516.0,644.0,540160.0,1438,quant'altro
1448,,540160.0,156.0,540316.0,1439,non
1449,,540316.0,55.0,540371.0,1440,è
1450,,540371.0,309.0,540680.0,1441,mai
1451,,540680.0,624.0,541304.0,1442,casuale
1452,,541304.0,206.0,541510.0,1443,ma
1453,,541510.0,195.0,541705.0,1444,è
1454,,541705.0,775.0,542480.0,1445,figlio
1455,,542480.0,339.0,542819.0,1446,<inspiration>
1456,,542819.0,297.0,543116.0,1447,<ehm>
1457,,543116.0,161.0,543277.0,1448,del
1458,,543277.0,533.0,543810.0,1449,contesto
1459,,543810.0,152.0,543962.0,1450,in
1460,,543962.0,428.0,544390.0,1451,cui
1461,,544390.0,150.0,544540.0,1452,si
1462,,544540.0,400.0,544940.0,1453,trova
1463,,544940.0,372.0,545312.0,1454,<inspiration>
1464,,545312.0,432.0,545744.0,1455,sulla /
1465,<aa>,545744.0,256.0,546000.0,1455,<aa>
1466,,546000.0,348.0,546348.0,1456,<ehm>
1467,,546348.0,218.0,546566.0,1457,nel 
1468,,546566.0,432.0,546998.0,1458,soff+ 
1469,,546998.0,182.0,547180.0,1459,sul
1470,,547180.0,738.0,547918.0,1460,soffitto
1471,,547918.0,112.0,548030.0,1461,che
1472,,548030.0,275.0,548305.0,1462,noi
1473,,548305.0,135.0,548440.0,1463,<eeh>
1474,,548440.0,40.0,548480.0,1464,<sp>
1475,,548480.0,530.0,549010.0,1465,oggi
1476,,549010.0,472.0,549482.0,1466,<sp>
1477,,549482.0,68.0,549550.0,1467,<tongue-click>
1478,,549550.0,466.0,550016.0,1468,appunto
1479,,550016.0,104.0,550120.0,1469,non
1480,,550120.0,440.0,550560.0,1470,possiamo
1481,,550560.0,578.0,551138.0,1471,vedere
1482,,551138.0,343.0,551481.0,1472,molto
1483,,551481.0,579.0,552060.0,1473,bene
1484,,552060.0,242.0,552302.0,1474,<inspiration>
1485,,552302.0,118.0,552420.0,1475,che 
1486,,552420.0,393.0,552813.0,1476,dobbiamo
1487,,552813.0,237.0,553050.0,1477,solo
1488,,553050.0,744.0,553794.0,1478,intuire
1489,,553794.0,401.0,554195.0,1479,<inspiration>
1490,,554195.0,264.0,554459.0,1480,<ehm>
1491,,554459.0,649.0,555108.0,1481,interviene
1492,,555108.0,179.0,555287.0,1482,uno
1493,,555287.0,100.0,555387.0,1483,dei
1494,,555387.0,173.0,555560.0,1484,più
1495,,555560.0,380.0,555940.0,1485,grandi
1496,,555940.0,620.0,556560.0,1486,pittori
1497,,556560.0,730.0,557290.0,1487,barocchi
1498,,557290.0,230.0,557520.0,1488,<inspiration>
1499,,557520.0,112.0,557632.0,1489,del
1500,,557632.0,674.0,558306.0,1490,Seicento
1501,,558306.0,529.0,558835.0,1491,Giovanni
1502,<oo>,558835.0,318.0,559153.0,1491,<oo>
1503,,559153.0,447.0,559600.0,1492,Giovanni
1504,,559600.0,813.0,560413.0,1493,Lanfranco
1505,,560413.0,307.0,560720.0,1494,<inspiration>
1506,,560720.0,120.0,560840.0,1495,che
1507,,560840.0,460.0,561300.0,1496,qui
1508,,561300.0,221.0,561521.0,1497,<sp>
1509,,561521.0,283.0,561804.0,1498,<ehm>
1510,,561804.0,157.0,561961.0,1499,da
1511,,561961.0,129.0,562090.0,1500,una
1512,,562090.0,339.0,562429.0,1501,parte
1513,,562429.0,41.0,562470.0,1502,è
1514,,562470.0,843.0,563313.0,1503,costretto
1515,,563313.0,777.0,564090.0,1504,diciamo
1516,,564090.0,454.0,564544.0,1505,a
1517,,564544.0,556.0,565100.0,1506,<ehm>
1518,,565100.0,340.0,565440.0,1507,fare
1519,,565440.0,90.0,565530.0,1508,i
1520,,565530.0,745.0,566275.0,1509,conti
1521,,566275.0,722.0,566997.0,1510,con
1522,,566997.0,173.0,567170.0,1511,la
1523,,567170.0,690.0,567860.0,1512,struttura
1524,,567860.0,823.0,568683.0,1513,stessa
1525,,568683.0,727.0,569410.0,1514,<sp>
1526,,569410.0,256.0,569666.0,1515,<ehm>
1527,,569666.0,505.0,570171.0,1516,del
1528,,570171.0,158.0,570329.0,1517,del
1529,,570329.0,993.0,571322.0,1518,soffitto
1530,,571322.0,438.0,571760.0,1519,<inspiration>
1531,,571760.0,260.0,572020.0,1520,ma
1532,,572020.0,285.0,572305.0,1521,allo
1533,,572305.0,415.0,572720.0,1522,stesso
1534,,572720.0,579.0,573299.0,1523,tempo
1535,,573299.0,682.0,573981.0,1524,inventa
1536,,573981.0,107.0,574088.0,1525,un
1537,,574088.0,600.0,574688.0,1526,sistema
1538,,574688.0,142.0,574830.0,1527,per
1539,,574830.0,160.0,574990.0,1528,il
1540,,574990.0,578.0,575568.0,1529,quale
1541,,575568.0,282.0,575850.0,1530,<inspiration>
1542,,575850.0,69.0,575919.0,1531,<ehm>
1543,,575919.0,190.0,576109.0,1532,noi
1544,,576109.0,461.0,576570.0,1533,riusciamo
1545,,576570.0,130.0,576700.0,1534,ad
1546,,576700.0,280.0,576980.0,1535,avere
1547,,576980.0,195.0,577175.0,1536,una
1548,,577175.0,575.0,577750.0,1537,visione
1549,,577750.0,573.0,578323.0,1538,diretta
1550,,578323.0,147.0,578470.0,1539,di
1551,,578470.0,670.0,579140.0,1540,Paradiso
1552,,579140.0,96.0,579236.0,1541,<sp>
1553,,579236.0,349.0,579585.0,1542,quindi
1554,,579585.0,281.0,579866.0,1543,questo
1555,,579866.0,492.0,580358.0,1544,soffitto
1556,,580358.0,34.0,580392.0,1545,in
1557,,580392.0,572.0,580964.0,1546,realtà/
1558,,580964.0,266.0,581230.0,1547,<inspiration>
1559,,581230.0,289.0,581519.0,1548,<ehm>
1560,,581519.0,175.0,581694.0,1549,se
1561,,581694.0,358.0,582052.0,1550,potete
1562,,582052.0,384.0,582436.0,1551,vedere
1563,,582436.0,424.0,582860.0,1552,appunto
1564,,582860.0,130.0,582990.0,1553,gli
1565,,582990.0,570.0,583560.0,1554,squarci
1566,,583560.0,100.0,583660.0,1555,di
1567,,583660.0,630.0,584290.0,1556,azzurro
1568,,584290.0,100.0,584390.0,1557,che
1569,,584390.0,740.0,585130.0,1558,compaiono
1570,,585130.0,110.0,585240.0,1559,di
1571,,585240.0,260.0,585500.0,1560,qua
1572,,585500.0,60.0,585560.0,1561,e
1573,,585560.0,171.0,585731.0,1562,di
1574,,585731.0,199.0,585930.0,1563,là
1575,,585930.0,320.0,586250.0,1564,<inspiration>
1576,,586250.0,1145.0,587395.0,1565,<ehm>
1577,,587395.0,96.0,587491.0,1566,la
1578,,587491.0,413.0,587904.0,1567,pittura
1579,,587904.0,86.0,587990.0,1568,di
1580,,587990.0,594.0,588584.0,1569,Lanfranco
1581,,588584.0,76.0,588660.0,1570,di
1582,,588660.0,320.0,588980.0,1571,fatto
1583,,588980.0,690.0,589670.0,1572,<ff>finge
1584,,589670.0,173.0,589843.0,1573,che
1585,,589843.0,79.0,589922.0,1574,un
1586,,589922.0,631.0,590553.0,1575,soffitto
1587,,590553.0,1020.0,591573.0,1576,non
1588,,591573.0,157.0,591730.0,1577,non
1589,,591730.0,135.0,591865.0,1578,ci
1590,,591865.0,245.0,592110.0,1579,sia
1591,,592110.0,710.0,592820.0,1580,affatto
1592,,592820.0,262.0,593082.0,1581,<inspiration>
1593,,593082.0,78.0,593160.0,1582,e
1594,,593160.0,590.0,593750.0,1583,quindi
1595,,593750.0,206.0,593956.0,1584,<inspiration>
1596,,593956.0,246.0,594202.0,1585,<ehm>
1597,,594202.0,115.0,594317.0,1586,in
1598,,594317.0,494.0,594811.0,1587,maniera
1599,,594811.0,911.0,595722.0,1588,illusionistica
1600,,595722.0,528.0,596250.0,1589,possiamo
1601,,596250.0,769.0,597019.0,1590,direttamente
1602,,597019.0,785.0,597804.0,1591,guardare
1603,,597804.0,306.0,598110.0,1592,<inspiration>
1604,,598110.0,497.0,598607.0,1593,Cristo
1605,,598607.0,243.0,598850.0,1594,nella
1606,,598850.0,521.0,599371.0,1595,sua
1607,,599371.0,719.0,600090.0,1596,gloria
1608,,600090.0,320.0,600410.0,1597,<tongue-click>
1609,,600410.0,50.0,600460.0,1598,<eeh>
1610,,600460.0,720.0,601180.0,1599,d'angeli
1611,,601180.0,650.0,601830.0,1600,<sp>
1612,,601830.0,81.0,601911.0,1601,<tongue-click>
1613,,601911.0,959.0,602870.0,1602,ultima
1614,,602870.0,102.0,602972.0,1603,<tongue-click>
1615,,602972.0,358.0,603330.0,1604,cosa
1616,,603330.0,113.0,603443.0,1605,che
1617,,603443.0,137.0,603580.0,1606,vi
1618,,603580.0,264.0,603844.0,1607,vorrei
1619,,603844.0,776.0,604620.0,1608,presentare
1620,,604620.0,253.0,604873.0,1609,<inspiration>
1621,,604873.0,197.0,605070.0,1610,è
1622,,605070.0,530.0,605600.0,1611,anche
1623,,605600.0,710.0,606310.0,1612,l'altare
1624,,606310.0,365.0,606675.0,1613,<sp>
1625,,606675.0,922.0,607597.0,1614,<breath>
1626,,607597.0,376.0,607973.0,1615,secondo
1627,,607973.0,161.0,608134.0,1616,voi
1628,,608134.0,96.0,608230.0,1617,di
1629,,608230.0,116.0,608346.0,1618,che
1630,,608346.0,574.0,608920.0,1619,materiale
1631,,608920.0,104.0,609024.0,1620,è
1632,,609024.0,3036.0,612060.0,1621,INT
1633,,612060.0,130.0,612190.0,1622,<vocal>
1634,,612190.0,200.0,612390.0,1623,<sp>
1635,,612390.0,274.0,612664.0,1624,però
1636,,612664.0,116.0,612780.0,1625,eri
1637,,612780.0,730.0,613510.0,1626,preparato
1638,,613510.0,1220.0,614730.0,1627,INT
1639,,614730.0,502.0,615232.0,1628,<laugh>
1640,,615232.0,293.0,615525.0,1629,perché
1641,,615525.0,55.0,615580.0,1630,è
1642,,615580.0,670.0,616250.0,1631,difficile
1643,,616250.0,178.0,616428.0,1632,che
1644,,616428.0,772.0,617200.0,1633,un altare
1645,,617200.0,44.0,617244.0,1634,in
1646,,617244.0,176.0,617420.0,1635,una
1647,,617420.0,320.0,617740.0,1636,Chiesa
1648,,617740.0,242.0,617982.0,1637,così
1649,,617982.0,390.0,618372.0,1638,ricca
1650,,618372.0,287.0,618659.0,1639,poi
1651,,618659.0,790.0,619449.0,1640,effettivamente
1652,,619449.0,693.0,620142.0,1641,rimanga
1653,,620142.0,268.0,620410.0,1642,<inspiration>
1654,,620410.0,380.0,620790.0,1643,<ehm>
1655,,620790.0,145.0,620935.0,1644,di
1656,,620935.0,613.0,621548.0,1645,legno
1657,,621548.0,203.0,621751.0,1646,<inspiration>
1658,,621751.0,360.0,622111.0,1647,qui
1659,,622111.0,278.0,622389.0,1648,abbiamo 
1660,,622389.0,101.0,622490.0,1649,ve
1661,,622490.0,147.0,622637.0,1650,l'ho
1662,,622637.0,673.0,623310.0,1651,raccontato
1663,,623310.0,250.0,623560.0,1652,insomma
1664,,623560.0,90.0,623650.0,1653,una
1665,,623650.0,510.0,624160.0,1654,provvisione
1666,,624160.0,100.0,624260.0,1655,di
1667,,624260.0,264.0,624524.0,1656,marmi
1668,,624524.0,617.0,625141.0,1657,pregiati
1669,,625141.0,319.0,625460.0,1658,pietre
1670,,625460.0,344.0,625804.0,1659,dure
1671,,625804.0,726.0,626530.0,1660,lapislazzuli
1672,,626530.0,30.0,626560.0,1661,e
1673,,626560.0,251.0,626811.0,1662,così
1674,,626811.0,289.0,627100.0,1663,via
1675,,627100.0,148.0,627248.0,1664,che
1676,,627248.0,122.0,627370.0,1665,è
1677,,627370.0,500.0,627870.0,1666,strano
1678,,627870.0,87.0,627957.0,1667,che
1679,,627957.0,233.0,628190.0,1668,poi
1680,,628190.0,990.0,629180.0,1669,effettivamente
1681,,629180.0,410.0,629590.0,1670,<inspiration>
1682,,629590.0,1223.0,630813.0,1671,<ehm>
1683,,630813.0,927.0,631740.0,1672,l'altare
1684,,631740.0,433.0,632173.0,1673,<sp>
1685,,632173.0,697.0,632870.0,1674,rimanga
1686,,632870.0,80.0,632950.0,1675,di
1687,,632950.0,30.0,632980.0,1676,un
1688,,632980.0,680.0,633660.0,1677,materiale
1689,,633660.0,354.0,634014.0,1678,così
1690,,634014.0,806.0,634820.0,1679,poco
1691,,634820.0,616.0,635436.0,1680,nobile
1692,,635436.0,180.0,635616.0,1681,<sp>
1693,,635616.0,214.0,635830.0,1682,in
1694,,635830.0,488.0,636318.0,1683,effetti
1695,,636318.0,352.0,636670.0,1684,questa
1696,,636670.0,452.0,637122.0,1685,volta
1697,,637122.0,346.0,637468.0,1686,questo
1698,,637468.0,26.0,637494.0,1687,è
1699,,637494.0,114.0,637608.0,1688,il
1700,,637608.0,474.0,638082.0,1689,caso
1701,,638082.0,328.0,638410.0,1690,<inspiration>
1702,,638410.0,130.0,638540.0,1691,e
1703,,638540.0,190.0,638730.0,1692,fu
1704,,638730.0,793.0,639523.0,1693,disegnato
1705,,639523.0,277.0,639800.0,1694,da
1706,,639800.0,89.0,639889.0,1695,<sp>
1707,,639889.0,22.0,639911.0,1696,<vocal>
1708,,639911.0,699.0,640610.0,1697,Solimena
1709,,640610.0,354.0,640964.0,1698,quindi
1710,,640964.0,566.0,641530.0,1699,grande
1711,,641530.0,310.0,641840.0,1700,<inspiration>
1712,,641840.0,230.0,642070.0,1701,<ehm>
1713,,642070.0,970.0,643040.0,1702,architetto
1714,,643040.0,90.0,643130.0,1703,e
1715,,643130.0,847.0,643977.0,1704,pittore
1716,,643977.0,103.0,644080.0,1705,a
1717,,644080.0,630.0,644710.0,1706,cavallo
1718,,644710.0,170.0,644880.0,1707,tra
1719,,644880.0,744.0,645624.0,1708,Seicento
1720,,645624.0,96.0,645720.0,1709,e
1721,,645720.0,1000.0,646720.0,1710,Settecento
1722,,646720.0,291.0,647011.0,1711,<inspiration>
1723,,647011.0,308.0,647319.0,1712,e
1724,,647319.0,126.0,647445.0,1713,<sp>
1725,,647445.0,537.0,647982.0,1714,anche
1726,,647982.0,108.0,648090.0,1715,gli
1727,,648090.0,810.0,648900.0,1716,angeli
1728,,648900.0,210.0,649110.0,1717,<sp>
1729,,649110.0,590.0,649700.0,1718,<ehm>
1730,,649700.0,97.0,649797.0,1719,che
1731,,649797.0,874.0,650671.0,1720,vedete
1732,,650671.0,309.0,650980.0,1721,<ehm>
1733,,650980.0,210.0,651190.0,1722,ai
1734,,651190.0,380.0,651570.0,1723,lati
1735,,651570.0,240.0,651810.0,1724,degli
1736,,651810.0,683.0,652493.0,1725,altari
1737,,652493.0,267.0,652760.0,1726,anche
1738,,652760.0,151.0,652911.0,1727,qu+
1739,,652911.0,266.0,653177.0,1728,<unclear>
1740,,653177.0,223.0,653400.0,1729,anche
1741,,653400.0,280.0,653680.0,1730,questo
1742,,653680.0,280.0,653960.0,1731,sai
1743,,653960.0,140.0,654100.0,1732,di
1744,,654100.0,130.0,654230.0,1733,che
1745,,654230.0,240.0,654470.0,1734,cosa
1746,,654470.0,450.0,654920.0,1735,sono
1747,,654920.0,335.0,655255.0,1736,<inspiration>
1748,,655255.0,1875.0,657130.0,1737,INT
1749,,657130.0,336.0,657466.0,1738,<laugh>
1750,,657466.0,796.0,658262.0,1739,INT
1751,,658262.0,301.0,658563.0,1740,no
1752,,658563.0,397.0,658960.0,1741,allora
1753,,658960.0,440.0,659400.0,1742,questa
1754,,659400.0,383.0,659783.0,1743,semb+ /
1755,,659783.0,403.0,660186.0,1744,finge
1756,,660186.0,94.0,660280.0,1745,il
1757,,660280.0,760.0,661040.0,1746,metallo
1758,,661040.0,371.0,661411.0,1747,finge
1759,,661411.0,638.0,662049.0,1748,l'argento
1760,,662049.0,241.0,662290.0,1749,<inspiration>
1761,,662290.0,98.0,662388.0,1750,ma
1762,,662388.0,101.0,662489.0,1751,è
1763,,662489.0,771.0,663260.0,1752,cartapesta
1764,,663260.0,898.0,664158.0,1753,<sp>
1765,,664158.0,61.0,664219.0,1754,<tongue-click>
1766,,664219.0,221.0,664440.0,1755,quindi
1767,,664440.0,260.0,664700.0,1756,anche
1768,,664700.0,50.0,664750.0,1757,in
1769,,664750.0,330.0,665080.0,1758,questo
1770,,665080.0,390.0,665470.0,1759,caso
1771,,665470.0,270.0,665740.0,1760,<inspiration>
1772,,665740.0,130.0,665870.0,1761,un
1773,,665870.0,760.0,666630.0,1762,materiale
1774,,666630.0,520.0,667150.0,1763,povero
1775,,667150.0,400.0,667550.0,1764,<inspiration>
1776,,667550.0,670.0,668220.0,1765,l'artista
1777,,668220.0,170.0,668390.0,1766,che
1778,,668390.0,173.0,668563.0,1767,li
1779,,668563.0,597.0,669160.0,1768,realizzò
1780,,669160.0,116.0,669276.0,1769,è
1781,,669276.0,457.0,669733.0,1770,Giuseppe
1782,,669733.0,787.0,670520.0,1771,Sanmartino
1783,,670520.0,131.0,670651.0,1772,<sp>
1784,,670651.0,127.0,670778.0,1773,non
1785,,670778.0,147.0,670925.0,1774,so
1786,,670925.0,111.0,671036.0,1775,se
1787,,671036.0,534.0,671570.0,1776,conoscete
1788,,671570.0,60.0,671630.0,1777,il
1789,,671630.0,236.0,671866.0,1778,nome
1790,,671866.0,34.0,671900.0,1779,è
1791,,671900.0,510.0,672410.0,1780,colui/
1792,,672410.0,114.0,672524.0,1781,<vocal>
1793,,672524.0,341.0,672865.0,1782,passa
1794,,672865.0,235.0,673100.0,1783,per
1795,,673100.0,212.0,673312.0,1784,per
1796,,673312.0,118.0,673430.0,1785,i
1797,,673430.0,409.0,673839.0,1786,più /
1798,,673839.0,191.0,674030.0,1787,<sp>
1799,,674030.0,738.0,674768.0,1788,<ehm>
1800,,674768.0,393.0,675161.0,1789,colui
1801,,675161.0,79.0,675240.0,1790,che
1802,,675240.0,228.0,675468.0,1791,ha
1803,,675468.0,692.0,676160.0,1792,realizzato
1804,,676160.0,80.0,676240.0,1793,il
1805,,676240.0,327.0,676567.0,1794,Cristo
1806,,676567.0,433.0,677000.0,1795,Velato
1807,,677000.0,230.0,677230.0,1796,nella
1808,,677230.0,770.0,678000.0,1797,cappella
1809,,678000.0,288.0,678288.0,1798,<inspiration>
1810,,678288.0,182.0,678470.0,1799,nella
1811,,678470.0,366.0,678836.0,1800,Cappella
1812,,678836.0,594.0,679430.0,1801,Sansevero
1813,,679430.0,90.0,679520.0,1802,<sp>
1814,,679520.0,170.0,679690.0,1803,però
1815,,679690.0,80.0,679770.0,1804,in
1816,,679770.0,355.0,680125.0,1805,realtà
1817,,680125.0,271.0,680396.0,1806,anche
1818,,680396.0,341.0,680737.0,1807,qui
1819,,680737.0,283.0,681020.0,1808,<inspiration>
1820,,681020.0,220.0,681240.0,1809,<ehm>
1821,,681240.0,128.0,681368.0,1810,in
1822,,681368.0,512.0,681880.0,1811,chiesa
1823,,681880.0,239.0,682119.0,1812,<tongue-click>
1824,,682119.0,458.0,682577.0,1813,e
1825,,682577.0,93.0,682670.0,1814,in
1826,,682670.0,428.0,683098.0,1815,Certosa
1827,,683098.0,372.0,683470.0,1816,abbiamo
1828,,683470.0,340.0,683810.0,1817,varie
1829,,683810.0,630.0,684440.0,1818,sue
1830,,684440.0,320.0,684760.0,1819,<inspiration>
1831,,684760.0,270.0,685030.0,1820,sue
1832,,685030.0,410.0,685440.0,1821,opere
1833,,685440.0,290.0,685730.0,1822,<inspiration>
1834,,685730.0,219.0,685949.0,1823,tra
1835,,685949.0,773.0,686722.0,1824,un attimo
1836,,686722.0,270.0,686992.0,1825,<sp>
1837,,686992.0,428.0,687420.0,1826,<ehm>
1838,,687420.0,162.0,687582.0,1827,ci
1839,,687582.0,1018.0,688600.0,1828,sposteremo
1840,,688600.0,329.0,688929.0,1829,<sp>
1841,,688929.0,221.0,689150.0,1830,alle
1842,,689150.0,810.0,689960.0,1831,spalle
1843,,689960.0,794.0,690754.0,1832,dell'altare
1844,,690754.0,156.0,690910.0,1833,per
1845,,690910.0,666.0,691576.0,1834,visitare
1846,,691576.0,83.0,691659.0,1835,<sp>
1847,,691659.0,118.0,691777.0,1836,il
1848,,691777.0,393.0,692170.0,1837,coro
