,ANNOTATION_ID,Begin Time,End Time,Nr,ORT
0,a30226,590.0,1040.0,1,Buongiorno
1,a30227,1040.0,1110.0,2,a
2,a30228,1110.0,1870.0,3,tutti
3,a30229,1870.0,2650.0,4,benvenuti
4,a30230,2650.0,3290.0,5,<lp>
5,a30231,3290.0,3511.0,6,io
6,,3511.0,3650.0,6,<oo>
7,a30232,3650.0,3886.0,7,sono
8,a30233,3886.0,4541.0,8,Camilla
9,a30234,4541.0,4618.0,9,<tongue-click>
10,a30235,4618.0,4701.0,10,e
11,a30236,4701.0,5091.0,11,sono
12,,5091.0,5240.0,11,<oo>
13,a30237,5240.0,5330.0,12,la
14,a30238,5330.0,5700.0,13,storica
15,a30239,5700.0,6211.0,14,dell'arte
16,a30240,6211.0,6333.0,15,che
17,a30241,6333.0,6630.0,16,questa
18,a30242,6630.0,7070.0,17,mattina
19,a30243,7070.0,7140.0,18,vi
20,a30244,7140.0,7974.0,19,accompagnerà
21,a30245,7974.0,8421.0,20,<inspiration>
22,a30246,8421.0,9003.0,21,attraverso
23,a30247,9003.0,9100.0,22,gli
24,a30248,9100.0,9644.0,23,ambienti
25,a30249,9644.0,10001.0,24,della
26,a30250,10001.0,10520.0,25,Certosa
27,a30251,10520.0,10610.0,26,e
28,a30252,10610.0,10909.0,27,Museo
29,a30253,10909.0,11480.0,28,nazionale
30,a30254,11480.0,11550.0,29,di
31,a30255,11550.0,11725.0,30,San
32,a30256,11725.0,12300.0,31,Martino
33,a30257,12300.0,13030.0,32,<lp>
34,a30258,13030.0,13456.0,33,già
35,a30259,13456.0,13947.0,34,insomma
36,a30260,13947.0,14050.0,35,la
37,a30261,14050.0,14690.0,36,dicitura
38,a30262,14690.0,15084.0,37,così
39,a30263,15084.0,15438.0,38,<inspiration>
40,a30264,15438.0,15557.0,39,vi
41,a30265,15557.0,15712.0,40,dà
42,a30266,15712.0,15982.0,41,anche
43,a30267,15982.0,16070.0,42,un
44,a30268,16070.0,16387.0,43,po'
45,a30269,16387.0,17102.0,44,un'idea
46,a30270,17102.0,17410.0,45,<inspiration>
47,a30271,17410.0,17796.0,46,delle
48,,17796.0,17968.0,46,<ee>
49,a30272,17968.0,18250.0,47,due
50,a30273,18250.0,18862.0,48,anime
51,a30274,18862.0,19092.0,49,<sp>
52,a30275,19092.0,19257.0,50,<vocal>
53,a30276,19257.0,19395.0,51,di
54,a30277,19395.0,19837.0,52,questo
55,,19837.0,20070.0,52,<oo>
56,a30278,20070.0,20150.0,53,di
57,a30279,20150.0,20480.0,54,questo
58,a30280,20480.0,20930.0,55,luogo
59,a30281,20930.0,21397.0,56,<inspiration>
60,a30282,21397.0,21589.0,57,<sp>
61,a30283,21589.0,22161.0,58,<ehm>
62,a30284,22161.0,22850.0,59,ovvero
63,a30285,22850.0,22964.0,60,il
64,a30286,22964.0,23770.0,61,visitatore
65,a30287,23770.0,23987.0,62,<breath>
66,a30288,23987.0,24295.0,63,che
67,,24295.0,24524.0,63,<ee>
68,a30289,24524.0,24755.0,64,come
69,a30290,24755.0,25150.0,65,voi
70,a30291,25150.0,25480.0,66,<unclear>
71,a30292,25480.0,26130.0,67,stamattina
72,a30293,26130.0,26460.0,68,insomma
73,a30294,26460.0,26869.0,69,viene
74,,26869.0,27118.0,69,<ee>
75,a30295,27118.0,27508.0,70,<eeh>
76,a30296,27508.0,27640.0,71,a
77,a30297,27640.0,28162.0,72,visitare
78,a30298,28162.0,28460.0,73,questo
79,a30299,28460.0,28800.0,74,museo
80,a30300,28800.0,29020.0,75,viene
81,a30301,29020.0,29050.0,76,in
82,a30302,29050.0,29360.0,77,questo
83,a30303,29360.0,29710.0,78,luogo
84,a30304,29710.0,30120.0,79,<inspiration>
85,a30305,30120.0,30510.0,80,può
86,a30306,30510.0,30686.0,81,<sp>
87,a30307,30686.0,31330.0,82,sia
88,a30308,31330.0,32406.0,83,<ehm>
89,a30309,32406.0,32839.0,84,<breath>
90,a30310,32839.0,33360.0,85,<lp>
91,a30311,33360.0,33486.0,86,<tongue-click>
92,a30312,33486.0,33829.0,87,avere
93,a30313,33829.0,33960.0,88,un
94,a30314,33960.0,34670.0,89,assaggio
95,a30315,34670.0,34814.0,90,<breath>
96,a30316,34814.0,35017.0,91,<sp>
97,a30317,35017.0,35225.0,92,di
98,a30318,35225.0,35460.0,93,quella
99,a30319,35460.0,35561.0,94,che
100,a30320,35561.0,35985.0,95,doveva
101,a30321,35985.0,36637.0,96,essere
102,a30322,36637.0,36910.0,97,<inspiration>
103,a30323,36910.0,37049.0,98,la
104,a30324,37049.0,37320.0,99,vita
105,a30325,37320.0,37428.0,100,dei
106,a30326,37428.0,38250.0,101,certosini
107,a30327,38250.0,39015.0,102,<lp>
108,a30328,39015.0,39290.0,103,<tongue-click>
109,a30329,39290.0,39420.0,104,in
110,a30330,39420.0,39740.0,105,questo
111,a30331,39740.0,40490.0,106,monastero
112,a30332,40490.0,41409.0,107,<inspiration>
113,a30333,41409.0,41620.0,108,<sp>
114,a30334,41620.0,42248.0,109,sia
115,a30335,42248.0,43080.0,110,<eeh>
116,a30336,43080.0,43780.0,111,vedere
117,a30337,43780.0,44425.0,112,<eeh>
118,a30338,44425.0,44524.0,113,gli
119,a30339,44524.0,45100.0,114,ambienti
120,a30340,45100.0,45386.0,115,<sp>
121,a30341,45386.0,45526.0,116,che
122,a30342,45526.0,45580.0,117,s+
123,a30343,45580.0,45760.0,118,poi
124,a30344,45760.0,45940.0,119,sono
125,a30345,45940.0,46188.0,120,stati
126,a30346,46188.0,46810.0,121,trasformati
127,a30347,46810.0,46840.0,122,e
128,a30348,46840.0,47000.0,123,si
129,a30349,47000.0,47299.0,124,sono
130,,47299.0,47520.0,124,<oo>
131,a30350,47520.0,47720.0,125,sono
132,a30351,47720.0,48150.0,126,diventati
133,a30352,48150.0,48180.0,127,il
134,a30353,48180.0,48430.0,128,Museo
135,a30354,48430.0,49090.0,129,nazionale
136,a30355,49090.0,49571.0,130,<sp>
137,a30356,49571.0,50420.0,131,<inspiration>
138,a30357,50420.0,50733.0,132,i
139,a30358,50733.0,51680.0,133,certosini
140,a30359,51680.0,51988.0,134,che
141,,51988.0,52480.0,134,<ee>
142,a30360,52480.0,52811.0,135,<ehm>
143,a30361,52811.0,53060.0,136,si
144,a30362,53060.0,53480.0,137,trovavano
145,a30363,53480.0,53674.0,138,qui
146,a30364,53674.0,53840.0,139,dal
147,a30365,53840.0,55030.0,140,milletrecento
148,a30366,55030.0,55171.0,141,<sp>
149,a30367,55171.0,55960.0,142,infatti
150,a30368,55960.0,56290.0,143,<inspiration>
151,a30369,56290.0,56540.0,144,sono
152,a30370,56540.0,56849.0,145,stati
153,a30371,56849.0,57415.0,146,poi
154,a30372,57415.0,57801.0,147,<vocal>
155,a30373,57801.0,58478.0,148,gentilmente
156,a30374,58478.0,59050.0,149,invitati
157,a30375,59050.0,59542.0,150,insomma
158,a30376,59542.0,59842.0,151,<laughter>
159,a30377,59842.0,59994.0,152,a
160,a30378,59994.0,60570.0,153,lasciare
161,a30379,60570.0,61110.0,154,questo
162,a30380,61110.0,61450.0,155,ameno
163,a30381,61450.0,62063.0,156,luogo
164,a30382,62063.0,62430.0,157,<inspiration>
165,a30383,62430.0,62545.0,158,nel
166,a30384,62545.0,63580.0,159,milleottocento
167,a30385,63580.0,63716.0,160,<sp>
168,a30386,63716.0,63953.0,161,<inspiration>
169,a30387,63953.0,64083.0,162,e
170,a30388,64083.0,64243.0,163,si
171,a30389,64243.0,64990.0,164,decise
172,a30390,64990.0,65401.0,165,<inspiration>
173,a30391,65401.0,65698.0,166,<eeh>
174,a30392,65698.0,65903.0,167,di
175,a30393,65903.0,66830.0,168,trasformarlo
176,a30394,66830.0,67350.0,169,poi
177,a30395,67350.0,67451.0,170,in
178,a30396,67451.0,67560.0,171,un
179,a30397,67560.0,68080.0,172,museo
180,a30398,68080.0,68653.0,173,<lp>
181,a30399,68653.0,68736.0,174,<tongune-click>
182,a30400,68736.0,68910.0,175,il
183,a30401,68910.0,69468.0,176,Museo
184,,69468.0,69820.0,176,<oo>
185,a30402,69820.0,69930.0,177,di
186,a30403,69930.0,70100.0,178,San
187,a30404,70100.0,70502.0,179,Martino
188,a30405,70502.0,70750.0,180,doveva
189,a30406,70750.0,71193.0,181,essere
190,a30407,71193.0,71280.0,182,di
191,a30408,71280.0,71570.0,183,fatto
192,a30409,71570.0,71660.0,184,il
193,a30410,71660.0,71990.0,185,museo
194,a30411,71990.0,72520.0,186,civico
195,a30412,72520.0,73090.0,187,<lp>
196,a30413,73090.0,73340.0,188,della
197,a30414,73340.0,73635.0,189,città
198,a30415,73635.0,73750.0,190,di
199,a30416,73750.0,74170.0,191,Napoli
200,a30417,74170.0,74525.0,192,<sp>
201,a30418,74525.0,74603.0,193,<tongue-click>
202,a30419,74603.0,74880.0,194,quindi
203,a30420,74880.0,75000.0,195,al
204,a30421,75000.0,75302.0,196,*sin+
205,a30422,75302.0,75504.0,197,al
206,a30423,75504.0,75660.0,198,suo
207,a30424,75660.0,76121.0,199,interno
208,a30425,76121.0,76440.0,200,dovevano
209,a30426,76440.0,76930.0,201,essere
210,a30427,76930.0,77461.0,202,<inspiration>
211,a30428,77461.0,78138.0,203,<ehm>
212,a30429,78138.0,79170.0,204,conservate
213,a30430,79170.0,79733.0,205,<lp>
214,a30431,79733.0,79810.0,206,<tongue-click>
215,a30432,79810.0,80223.0,207,alcune
216,a30433,80223.0,80427.0,208,delle
217,a30434,80427.0,80880.0,209,memorie
218,a30435,80880.0,81092.0,210,più
219,a30436,81092.0,82072.0,211,importanti
220,a30437,82072.0,82177.0,212,<breath>
221,a30438,82177.0,82730.0,213,<lp>
222,a30439,82730.0,82994.0,214,della
223,a30440,82994.0,83290.0,215,città
224,a30441,83290.0,83545.0,216,<sp>
225,a30442,83545.0,83983.0,217,ancora
226,a30443,83983.0,84400.0,218,adesso
227,a30444,84400.0,84550.0,219,c'è
228,a30445,84550.0,84650.0,220,una
229,a30446,84650.0,85090.0,221,sezione
230,a30447,85090.0,85210.0,222,del
231,a30448,85210.0,85600.0,223,museo
232,a30449,85600.0,85670.0,224,che
233,a30450,85670.0,85840.0,225,si
234,a30451,85840.0,86050.0,226,chiama
235,a30452,86050.0,86340.0,227,proprio
236,a30453,86340.0,86790.0,228,Immagini
237,a30454,86790.0,86820.0,229,e
238,a30455,86820.0,87283.0,230,memorie
239,a30456,87283.0,87640.0,231,quindi
240,a30457,87640.0,87800.0,232,<sp>
241,a30458,87800.0,88090.0,233,insomma
242,a30459,88090.0,88470.0,234,<inspiration>
243,a30460,88470.0,88570.0,235,ve
244,a30461,88570.0,88680.0,236,la
245,a30462,88680.0,88986.0,237,dice
246,,88986.0,89160.0,237,<ee>
247,a30463,89160.0,89291.0,238,<sp>
248,a30464,89291.0,89850.0,239,lunga
249,a30465,89850.0,91080.0,240,sull'obiettivo
250,a30466,91080.0,91580.0,241,<inspiration>
251,a30467,91580.0,92521.0,242,<ehm>
252,a30468,92521.0,92723.0,243,del
253,a30469,92723.0,93190.0,244,museo
254,a30470,93190.0,93357.0,245,per
255,a30471,93357.0,94063.0,246,l'appunto
256,a30472,94063.0,94562.0,247,<inspiration>
257,a30473,94562.0,94947.0,248,<eeh>
258,a30474,94947.0,95440.0,249,oppure
259,a30475,95440.0,96150.0,250,documentare
260,a30476,96150.0,96440.0,251,anche
261,a30477,96440.0,97370.0,252,tradizioni
262,a30478,97370.0,98152.0,253,gloriose
263,a30479,98152.0,98600.0,254,<breath>
264,a30480,98600.0,98838.0,255,<sp>
265,a30481,98838.0,98940.0,256,<tongue-click>
266,a30482,98940.0,99212.0,257,di
267,,99212.0,99417.0,257,<ii>
268,a30483,99417.0,99550.0,258,di
269,a30484,99550.0,100100.0,259,Napoli
270,a30485,100100.0,100260.0,260,per
271,a30486,100260.0,100688.0,261,esempio
272,a30487,100688.0,100769.0,262,noi
273,a30488,100769.0,101260.0,263,passeremo
274,a30489,101260.0,101902.0,264,davanti
275,a30490,101902.0,102010.0,265,a
276,a30491,102010.0,102354.0,266,quel
277,a30492,102354.0,102570.0,267,alla
278,a30493,102570.0,102960.0,268,sezione
279,a30494,102960.0,103580.0,269,presepiale
280,a30495,103580.0,103940.0,270,<inspiration>
281,a30496,103940.0,104520.0,271,dedicata
282,a30497,104520.0,104683.0,272,per
283,a30498,104683.0,105359.0,273,l'appunto
284,a30499,105359.0,105671.0,274,<inspiration>
285,a30500,105671.0,105760.0,275,a
286,a30501,105760.0,106098.0,276,questa
287,a30502,106098.0,106750.0,277,importante
288,a30503,106750.0,107600.0,278,tradizione
289,a30504,107600.0,107902.0,279,<inspiration>
290,a30505,107902.0,108024.0,280,<eeh>
291,a30506,108024.0,108240.0,281,della
292,a30507,108240.0,108691.0,282,nostra
293,,108691.0,109020.0,282,<aa>
294,a30508,109020.0,109280.0,283,della
295,a30509,109280.0,109590.0,284,nostra
296,a30510,109590.0,109918.0,285,città
297,a30511,109918.0,110795.0,286,<inspiration>
298,a30512,110795.0,111103.0,287,però
299,a30513,111103.0,111411.0,288,al
300,a30514,111411.0,111506.0,289,di
301,a30515,111506.0,111640.0,290,là
302,a30516,111640.0,111754.0,291,di
303,a30517,111754.0,112370.0,292,questo
304,a30518,112370.0,112474.0,293,che
305,a30519,112474.0,112760.0,294,è
306,a30520,112760.0,113310.0,295,qualcosa
307,a30521,113310.0,113379.0,296,che
308,a30522,113379.0,113426.0,297,è
309,a30523,113426.0,113938.0,298,venuto
310,a30524,113938.0,114480.0,299,solo
311,a30525,114480.0,114770.0,300,<ehm>
312,a30526,114770.0,115104.0,301,<breath>
313,a30527,115104.0,115693.0,302,diciamo
314,,115693.0,116330.0,302,<oo>
315,a30528,116330.0,116870.0,303,<lp>
316,a30529,116870.0,117740.0,304,relativamente
317,a30530,117740.0,118580.0,305,recentemente
318,a30531,118580.0,118820.0,306,nella
319,a30532,118820.0,119025.0,307,vita
320,a30533,119025.0,119190.0,308,del
321,a30534,119190.0,119650.0,309,museo
322,a30535,119650.0,119770.0,310,da
323,a30536,119770.0,120112.0,311,nemmeno
324,a30537,120112.0,120630.0,312,duecento
325,a30538,120630.0,121080.0,313,anni
326,a30539,121080.0,122098.0,314,<inspiration>
327,a30540,122098.0,122360.0,315,c'è
328,a30541,122360.0,122452.0,316,da
329,a30542,122452.0,122860.0,317,parlare
330,a30543,122860.0,123250.0,318,appunto
331,a30544,123250.0,123590.0,319,della
332,a30545,123590.0,123880.0,320,storia
333,a30546,123880.0,124576.0,321,precedente
334,a30547,124576.0,125611.0,322,<lp>
335,a30548,125611.0,125760.0,323,<tongue-click>
336,a30549,125760.0,125972.0,324,mi
337,a30550,125972.0,126290.0,325,sembra
338,a30551,126290.0,126410.0,326,di
339,a30552,126410.0,126760.0,327,capire
340,a30553,126760.0,126840.0,328,che
341,a30554,126840.0,127120.0,329,siamo
342,a30555,127120.0,127350.0,330,tutti
343,a30556,127350.0,127860.0,331,napoletani
344,a30557,127860.0,128149.0,332,tranne
345,a30558,128149.0,128460.0,333,uno
346,a30559,128460.0,129660.0,334,<lp>
347,a30560,129660.0,130452.0,335,<inspiration>
348,a30561,130452.0,131258.0,336,<eeh>
349,a30562,131258.0,131408.0,337,e
350,a30563,131408.0,131949.0,338,quindi
351,a30564,131949.0,133328.0,339,<ehm>
352,a30565,133328.0,133544.0,340,<breath>
353,a30566,133544.0,134000.0,341,cercherò
354,a30567,134000.0,134096.0,342,di
355,a30568,134096.0,134350.0,343,farvi
356,a30569,134350.0,135090.0,344,immaginare
357,a30570,135090.0,135392.0,345,insomma
358,a30571,135392.0,135495.0,346,di
359,a30572,135495.0,135888.0,347,com'era
360,a30573,135888.0,136020.0,348,la+
361,a30574,136020.0,136350.0,349,com'era
362,a30575,136350.0,136460.0,350,la
363,a30576,136460.0,136780.0,351,vita
364,a30577,136780.0,136962.0,352,<breath>
365,a30578,136962.0,137460.0,353,<lp>
366,a30579,137460.0,137621.0,354,in
367,a30580,137621.0,138080.0,355,questo
368,a30581,138080.0,138760.0,356,quartiere
369,a30582,138760.0,139049.0,357,quando
370,a30583,139049.0,139184.0,358,non
371,a30584,139184.0,139315.0,359,era
372,a30585,139315.0,139712.0,360,ancora
373,a30586,139712.0,139816.0,361,di
374,a30587,139816.0,140139.0,362,fatto
375,a30588,140139.0,140190.0,363,un
376,a30589,140190.0,140830.0,364,quartiere
377,a30590,140830.0,141560.0,365,<inspiration>
378,a30591,141560.0,142175.0,366,settecento
379,a30592,142175.0,142320.0,367,anni
380,a30593,142320.0,142520.0,368,fa
381,a30594,142520.0,142880.0,369,<sp>
382,a30595,142880.0,143020.0,370,nel
383,a30596,143020.0,143950.0,371,milletrecento
384,a30597,143950.0,144260.0,372,<sp>
385,a30598,144260.0,144423.0,373,non
386,a30599,144423.0,144830.0,374,so
387,a30600,144830.0,144975.0,375,<sp>
388,a30601,144975.0,145289.0,376,se
389,a30602,145289.0,145880.0,377,<lp>
390,a30603,145880.0,145971.0,378,ti
391,a30604,145971.0,145990.0,379,è
392,a30605,145990.0,146663.0,380,capitato
393,a30606,146663.0,146773.0,381,ti
394,a30607,146773.0,146890.0,382,do
395,a30608,146890.0,147067.0,383,del
396,a30609,147067.0,147370.0,384,tu
397,a30610,147370.0,147673.0,385,di
398,,147673.0,148020.0,385,<ii>
399,a30611,148020.0,148850.0,386,passeggiare
400,a30612,148850.0,148950.0,387,per
401,a30613,148950.0,149053.0,388,le
402,a30614,149053.0,149360.0,389,strade
403,a30615,149360.0,149580.0,390,del
404,a30616,149580.0,150043.0,391,Vomero
405,a30617,150043.0,150530.0,392,oggi
406,a30618,150530.0,150840.0,393,ma
407,a30619,150840.0,151264.0,394,adesso
408,a30620,151264.0,151290.0,395,è
409,a30621,151290.0,151390.0,396,un
410,a30622,151390.0,151907.0,397,quartiere
411,a30623,151907.0,152400.0,398,appunto
412,a30624,152400.0,152710.0,399,molto
413,a30625,152710.0,153453.0,400,animato
414,a30626,153453.0,153580.0,401,ci
415,a30627,153580.0,153790.0,402,sono
416,a30628,153790.0,154070.0,403,molti
417,a30629,154070.0,154586.0,404,negozi
418,a30630,154586.0,154900.0,405,molti
419,a30631,154900.0,155420.0,406,locali
420,a30632,155420.0,156170.0,407,<inspiration>
421,a30633,156170.0,156470.0,408,ma
422,a30634,156470.0,157009.0,409,<eeh>
423,a30635,157009.0,157147.0,410,in
424,a30636,157147.0,157810.0,411,realtà
425,a30637,157810.0,158010.0,412,<sp>
426,a30638,158010.0,158269.0,413,<ehm>
427,a30639,158269.0,158487.0,414,questa
428,a30640,158487.0,158540.0,415,è
429,a30641,158540.0,158630.0,416,una
430,a30642,158630.0,159390.0,417,trasformazione
431,a30643,159390.0,159659.0,418,anche
432,a30644,159659.0,160000.0,419,questa
433,a30645,160000.0,161240.0,420,relativamente
434,a30646,161240.0,161552.0,421,<sp>
435,a30647,161552.0,162260.0,422,recente
436,a30648,162260.0,163073.0,423,<inspiration>
437,a30649,163073.0,163278.0,424,nel
438,a30650,163278.0,164119.0,425,Trecento
439,a30651,164119.0,164310.0,426,<sp>
440,a30652,164310.0,164415.0,427,la
441,a30653,164415.0,164750.0,428,collina
442,a30654,164750.0,164900.0,429,del
443,a30655,164900.0,165374.0,430,Vomero
444,a30656,165374.0,165530.0,431,era
445,a30657,165530.0,165994.0,432,pressoché
446,a30658,165994.0,166660.0,433,disabitata
447,a30659,166660.0,166870.0,434,<sp>
448,a30660,166870.0,167340.0,435,quindi
449,a30661,167340.0,167500.0,436,si
450,a30662,167500.0,167900.0,437,trattava
451,a30663,167900.0,168140.0,438,di
452,a30664,168140.0,168790.0,439,campagna
453,a30665,168790.0,169260.0,440,<lp>
454,a30666,169260.0,169472.0,441,un
455,a30667,169472.0,169990.0,442,luogo
456,a30668,169990.0,171020.0,443,perfetto
457,a30669,171020.0,171683.0,444,<lp>
458,a30670,171683.0,171912.0,445,<tongue-click>
459,a30671,171912.0,172490.0,446,per
460,a30672,172490.0,172590.0,447,i
461,a30673,172590.0,173320.0,448,certosini
462,a30674,173320.0,173768.0,449,<inspiration>
463,a30675,173768.0,173888.0,450,che
464,a30676,173888.0,174830.0,451,naturalmente
465,a30677,174830.0,175920.0,452,cercavano
466,a30678,175920.0,176430.0,453,<lp>
467,a30679,176430.0,176634.0,454,una
468,a30680,176634.0,177058.0,455,vita
469,,177058.0,177657.0,455,<aa>
470,a30681,177657.0,178176.0,456,<breath>
471,a30682,178176.0,178551.0,457,<lp>
472,a30683,178551.0,178702.0,458,<vocal>
473,a30684,178702.0,178810.0,459,di
474,a30685,178810.0,179465.0,460,solitudine
475,a30686,179465.0,179690.0,461,una
476,a30687,179690.0,180070.0,462,vita
477,a30688,180070.0,180960.0,463,appartata
478,a30689,180960.0,181356.0,464,<sp>
479,a30690,181356.0,181906.0,465,<inspiration>
480,a30691,181906.0,182279.0,466,e
481,a30692,182279.0,182740.0,467,<eeh>
482,a30693,182740.0,182910.0,468,il
483,a30694,182910.0,183170.0,469,duca
484,a30695,183170.0,183267.0,470,di
485,a30696,183267.0,183990.0,471,Calabria
486,a30697,183990.0,184290.0,472,<sp>
487,a30698,184290.0,184910.0,473,Carlo
488,a30699,184910.0,185470.0,474,figlio
489,a30700,185470.0,185776.0,475,del
490,a30701,185776.0,186140.0,476,re
491,a30702,186140.0,186810.0,477,Roberto
492,a30703,186810.0,186900.0,478,il
493,a30704,186900.0,187670.0,479,Saggio
494,a30705,187670.0,188130.0,480,<inspiration>
495,a30706,188130.0,188988.0,481,incoraggia
496,a30707,188988.0,189430.0,482,appunto
497,a30708,189430.0,189488.0,483,i
498,a30709,189488.0,190108.0,484,certosini
499,a30710,190108.0,190231.0,485,a
500,a30711,190231.0,190918.0,486,stabilirsi
501,a30712,190918.0,190979.0,487,in
502,a30713,190979.0,191315.0,488,questo
503,a30714,191315.0,191700.0,489,luogo
504,a30715,191700.0,191995.0,490,<sp>
505,a30716,191995.0,192161.0,491,<tongue-click>
506,a30717,192161.0,192334.0,492,<eeh>
507,a30718,192334.0,192441.0,493,a
508,a30719,192441.0,192788.0,494,Napoli
509,a30720,192788.0,192866.0,495,del
510,a30721,192866.0,193512.0,496,Trecento
511,a30722,193512.0,193727.0,497,<vocal>
512,a30723,193727.0,194367.0,498,Roberto
513,a30724,194367.0,194555.0,499,sia
514,a30725,194555.0,195240.0,500,Roberto
515,a30726,195240.0,195400.0,501,che
516,a30727,195400.0,195610.0,502,suo
517,a30728,195610.0,196179.0,503,figlio
518,a30729,196179.0,196563.0,504,<inspiration>
519,a30730,196563.0,196710.0,505,<eeh>
520,a30731,196710.0,197180.0,506,facevano
521,a30732,197180.0,197584.0,507,parte
522,a30733,197584.0,197905.0,508,della
523,,197905.0,198080.0,508,<aa>
524,a30734,198080.0,198620.0,509,dinastia
525,a30735,198620.0,199080.0,510,angioina
526,a30736,199080.0,199257.0,511,quindi
527,a30737,199257.0,199364.0,512,per
528,a30738,199364.0,199513.0,513,una
529,a30739,199513.0,199817.0,514,volta
530,a30740,199817.0,199920.0,515,non
531,a30741,199920.0,200060.0,516,gli
532,a30742,200060.0,200880.0,517,spagnoli
533,a30743,200880.0,201480.0,518,<lp>
534,a30744,201480.0,201620.0,519,a
535,a30745,201620.0,202325.0,520,Napoli
536,a30746,202325.0,202480.0,521,ma
537,a30747,202480.0,202520.0,522,i
538,a30748,202520.0,203350.0,523,francesi
539,a30749,203350.0,204162.0,524,<inspiration>
540,a30750,204162.0,205879.0,525,<ehm>
541,a30751,205879.0,206288.0,526,<sp>
542,a30752,206288.0,206533.0,527,<tongue-click>
543,a30753,206533.0,207198.0,528,<ehm>
544,a30754,207198.0,207651.0,529,quindi
545,a30755,207651.0,208247.0,530,<eeh>
546,a30756,208247.0,208693.0,531,il/
547,,208693.0,208693.0,531,<ll>
548,,208693.0,209725.0,531,/
549,a30757,209725.0,210230.0,532,Carlo
550,a30758,210230.0,210960.0,533,incoraggia
551,a30759,210960.0,211500.0,534,appunto
552,a30760,211500.0,211630.0,535,i
553,a30761,211630.0,212280.0,536,certosini
554,a30762,212280.0,212380.0,537,a
555,a30763,212380.0,213070.0,538,stabilirsi
556,a30764,213070.0,213100.0,539,in
557,a30765,213100.0,213405.0,540,questo
558,a30766,213405.0,213781.0,541,luogo
559,a30767,213781.0,214030.0,542,che
560,a30768,214030.0,214280.0,543,per
561,a30769,214280.0,214690.0,544,l'appunto
562,a30770,214690.0,215317.0,545,essendo
563,a30771,215317.0,215542.0,546,<inspiration>
564,a30772,215542.0,216320.0,547,separato
565,a30773,216320.0,216490.0,548,<sp>
566,a30774,216490.0,216630.0,549,da
567,a30775,216630.0,216830.0,550,tutto
568,a30776,216830.0,216875.0,551,il
569,a30777,216875.0,217100.0,552,resto
570,a30778,217100.0,217280.0,553,della
571,a30779,217280.0,217605.0,554,città
572,a30780,217605.0,217850.0,555,ben
573,a30781,217850.0,217980.0,556,si
574,a30782,217980.0,218680.0,557,prestava
575,a30783,218680.0,219010.0,558,<inspiration>
576,a30784,219010.0,219300.0,559,alla
577,a30785,219300.0,219540.0,560,vita
578,a30786,219540.0,220060.0,561,monacale
579,a30787,220060.0,220816.0,562,<lp>
580,a30788,220816.0,220906.0,563,<tongue-click>
581,a30789,220906.0,220976.0,564,e
582,a30790,220976.0,221474.0,565,quindi
583,a30791,221474.0,221911.0,566,<eeh>
584,a30792,221911.0,222202.0,567,da
585,a30793,222202.0,222500.0,568,il
586,a30794,222500.0,222679.0,569,la+/
587,a30795,222679.0,223207.0,570,<sp>
588,a30796,223207.0,223329.0,571,<tongue-click>
589,a30797,223329.0,223550.0,572,alla
590,a30798,223550.0,224490.0,573,costruzione
591,a30799,224490.0,224620.0,574,di
592,a30800,224620.0,225270.0,575,questo
593,a30801,225270.0,225450.0,576,<sp>
594,a30802,225450.0,226290.0,577,immenso
595,a30803,226290.0,226570.0,578,<sp>
596,a30804,226570.0,227244.0,579,complesso
597,a30805,227244.0,227507.0,580,<inspiration>
598,a30806,227507.0,228540.0,581,contestualmente
599,a30807,228540.0,228690.0,582,lo
600,a30808,228690.0,229036.0,583,vedete
601,a30809,229036.0,229320.0,584,dietro
602,a30810,229320.0,229440.0,585,di
603,a30811,229440.0,229872.0,586,voi
604,a30812,229872.0,230172.0,587,<inspiration>
605,a30813,230172.0,231080.0,588,nasceva
606,a30814,231080.0,231510.0,589,anche
607,a30815,231510.0,231670.0,590,il
608,a30816,231670.0,232590.0,591,Castello
609,a30817,232590.0,232740.0,592,<sp>
610,a30818,232740.0,232860.0,593,che
611,a30819,232860.0,233300.0,594,all'epoca
612,a30820,233300.0,233470.0,595,non
613,a30821,233470.0,233610.0,596,si
614,a30822,233610.0,233810.0,597,*ca+
615,a30823,233810.0,234050.0,598,non
616,a30824,234050.0,234170.0,599,si
617,a30825,234170.0,234880.0,600,chiamava
618,,,,600,<aa>
619,a30826,234880.0,235215.0,601,Castel
620,a30827,235215.0,235800.0,602,Sant'Elmo
621,a30828,235800.0,235970.0,603,come
622,a30829,235970.0,236460.0,604,adesso
623,a30830,236460.0,236600.0,605,ma
624,a30831,236600.0,236890.0,606,era
625,a30832,236890.0,237705.0,607,semplicemente
626,a30833,237705.0,237938.0,608,<inspiration>
627,a30834,237938.0,238367.0,609,chiamato
628,a30835,238367.0,239160.0,610,Belforte
629,a30836,239160.0,239290.0,611,e
630,a30837,239290.0,239450.0,612,non
631,a30838,239450.0,239665.0,613,ha
632,a30839,239665.0,240510.0,614,l'aspetto
633,a30840,240510.0,240823.0,615,<inspiration>
634,a30841,240823.0,241170.0,616,che
635,a30842,241170.0,241580.0,617,vedete
636,a30843,241580.0,242032.0,618,oggi
637,a30844,242032.0,242352.0,619,però
638,a30845,242352.0,242960.0,620,diciamo
639,a30846,242960.0,243110.0,621,che
640,a30847,243110.0,243250.0,622,le
641,a30848,243250.0,243440.0,623,due
642,a30849,243440.0,244340.0,624,costruzioni
643,a30850,244340.0,244360.0,625,i
644,a30851,244360.0,244520.0,626,due
645,a30852,244520.0,245260.0,627,complessi
646,a30853,245260.0,245570.0,628,<inspiration>
647,a30854,245570.0,245830.0,629,vanno
648,a30855,245830.0,245880.0,630,un
649,a30856,245880.0,246160.0,631,po'
650,a30857,246160.0,246380.0,632,di
651,a30858,246380.0,246620.0,633,pari
652,a30859,246620.0,247050.0,634,passo
653,a30860,247050.0,247209.0,635,per
654,a30861,247209.0,247580.0,636,certo
655,a30862,247580.0,248010.0,637,versi
656,a30863,248010.0,248451.0,638,<sp>
657,a30864,248451.0,248670.0,639,<tongue-click>
658,a30865,248670.0,248860.0,640,tra
659,a30866,248860.0,248990.0,641,gli
660,a30867,248990.0,249870.0,642,architetti
661,a30868,249870.0,250243.0,643,<inspiration>
662,a30869,250243.0,251041.0,644,<ehm>
663,a30870,251041.0,251395.0,645,che
664,a30871,251395.0,251670.0,646,per
665,a30872,251670.0,252133.0,647,primi
666,a30873,252133.0,252403.0,648,hanno
667,a30874,252403.0,253160.0,649,lavorato
668,a30875,253160.0,253300.0,650,<sp>
669,a30876,253300.0,253430.0,651,in
670,a30877,253430.0,253731.0,652,questo
671,a30878,253731.0,254010.0,653,luogo
672,a30879,254010.0,254140.0,654,mi
673,a30880,254140.0,254452.0,655,piace
674,a30881,254452.0,255070.0,656,ricordare
675,a30882,255070.0,255130.0,657,in
676,a30883,255130.0,255710.0,658,particolare
677,a30884,255710.0,255813.0,659,un
678,a30885,255813.0,256500.0,660,senese
679,a30886,256500.0,256840.0,661,Tino
680,a30887,256840.0,256920.0,662,di
681,a30888,256920.0,257520.0,663,Camaino
682,a30889,257520.0,258060.0,664,<inspiration>
683,a30890,258060.0,258343.0,665,che
684,a30891,258343.0,259130.0,666,aveva/
685,,,,666,<aa>
686,,,,666,/
687,a30892,259130.0,259415.0,667,<inspiration>
688,a30893,259415.0,259982.0,668,già
689,a30894,259982.0,260242.0,669,stava
690,a30895,260242.0,260990.0,670,lavorando
691,a30896,260990.0,261276.0,671,<breath>
692,a30897,261276.0,262070.0,672,<ehm>
693,a30898,262070.0,262669.0,673,<lp>
694,a30899,262669.0,263167.0,674,per
695,a30900,263167.0,263289.0,675,il
696,a30901,263289.0,263530.0,676,re
697,a30902,263530.0,264180.0,677,Roberto
698,a30903,264180.0,264600.0,678,alcune
699,a30904,264600.0,264760.0,679,sue
700,a30905,264760.0,265110.0,680,opere
701,a30906,265110.0,265200.0,681,le
702,a30907,265200.0,265555.0,682,potete
703,a30908,265555.0,265990.0,683,vedere
704,a30909,265990.0,266239.0,684,<inspiration>
705,a30910,266239.0,266370.0,685,in
706,a30911,266370.0,266810.0,686,alcune
707,a30912,266810.0,266984.0,687,delle
708,a30913,266984.0,267370.0,688,maggiori
709,a30914,267370.0,267660.0,689,chiese
710,a30915,267660.0,268360.0,690,napoletane
711,a30916,268360.0,268618.0,691,Donna
712,a30917,268618.0,269390.0,692,Regina
713,a30918,269390.0,269550.0,693,San
714,a30919,269550.0,270150.0,694,Lorenzo
715,a30920,270150.0,270439.0,695,Santa
716,a30921,270439.0,270852.0,696,Chiara
717,a30922,270852.0,271373.0,697,<inspiration>
718,a30923,271373.0,271790.0,698,quindi
719,a30924,271790.0,272000.0,699,<sp>
720,a30925,272000.0,272290.0,700,qui
721,a30926,272290.0,272730.0,701,lavora
722,a30927,272730.0,273180.0,702,invece
723,a30928,273180.0,273369.0,703,più
724,a30929,273369.0,273480.0,704,che
725,a30930,273480.0,273729.0,705,come
726,a30931,273729.0,274280.0,706,scultore
727,a30932,274280.0,274400.0,707,in
728,a30933,274400.0,274900.0,708,veste
729,a30934,274900.0,275090.0,709,di
730,a30935,275090.0,275720.0,710,architetto
731,a30936,275720.0,275990.0,711,quindi
732,a30937,275990.0,276130.0,712,una
733,a30938,276130.0,276650.0,713,figura
734,a30939,276650.0,277009.0,714,<inspiration>
735,a30940,277009.0,277508.0,715,<eeh>
736,a30941,277508.0,277900.0,716,diciamo
737,a30942,277900.0,278570.0,717,completa
738,a30943,278570.0,278739.0,718,<sp>
739,a30944,278739.0,278840.0,719,<tongue-click>
740,a30945,278840.0,279180.0,720,sotto
741,a30946,279180.0,279502.0,721,questo
742,a30947,279502.0,279843.0,722,punto
743,a30948,279843.0,279951.0,723,di
744,a30949,279951.0,280330.0,724,vista
745,a30950,280330.0,281044.0,725,<inspiration>
746,a30951,281044.0,281213.0,726,<sp>
747,a30952,281213.0,281717.0,727,il/
748,a30953,281717.0,282352.0,728,Carlo
749,a30954,282352.0,282539.0,729,<breath>
750,a30955,282539.0,282626.0,730,il
751,a30956,282626.0,282850.0,731,Duca
752,a30957,282850.0,282960.0,732,di
753,a30958,282960.0,283380.0,733,Calabria
754,a30959,283380.0,283410.0,734,in
755,a30960,283410.0,283730.0,735,realtà
756,a30961,283730.0,283910.0,736,non
757,a30962,283910.0,284450.0,737,vede
758,a30963,284450.0,284850.0,738,<breath>
759,a30964,284850.0,285000.0,739,la
760,a30965,285000.0,285275.0,740,fine
761,a30966,285275.0,285427.0,741,dei
762,a30967,285427.0,286005.0,742,lavori
763,a30968,286005.0,286470.0,743,<inspiration>
764,a30969,286470.0,286800.0,744,perché
765,a30970,286800.0,287979.0,745,ufficialmente
766,a30971,287979.0,288224.0,746,<sp>
767,a30972,288224.0,288520.0,747,<eeh>
768,a30973,288520.0,288691.0,748,si
769,a30974,288691.0,289300.0,749,concludono
770,a30975,289300.0,289420.0,750,nel
771,a30976,289420.0,291190.0,751,milletrecentosessantotto
772,a30977,291190.0,291473.0,752,quando
773,a30978,291473.0,291680.0,753,lui
774,a30979,291680.0,291831.0,754,era
775,a30980,291831.0,292010.0,755,già
776,a30981,292010.0,292540.0,756,morto
777,a30982,292540.0,292680.0,757,lui
778,a30983,292680.0,292702.0,758,in
779,a30984,292702.0,293063.0,759,realtà
780,a30985,293063.0,293590.0,760,<lp>
781,a30986,293590.0,293722.0,761,<tongue-click>
782,a30987,293722.0,294052.0,762,muore
783,a30988,294052.0,295050.0,763,prematuramente
784,a30989,295050.0,295286.0,764,<sp>
785,a30990,295286.0,295675.0,765,<inspiration>
786,a30991,295675.0,295950.0,766,quindi
787,a30992,295950.0,296209.0,767,poi
788,a30993,296209.0,296330.0,768,è
789,a30994,296330.0,296440.0,769,il
790,a30995,296440.0,296944.0,770,padre
791,a30996,296944.0,297009.0,771,a
792,a30997,297009.0,297460.0,772,portare
793,a30998,297460.0,298180.0,773,avanti
794,a30999,298180.0,298290.0,774,i
795,a31000,298290.0,298863.0,775,lavori
796,a31001,298863.0,299084.0,776,e
797,a31002,299084.0,299870.0,777,l'inaugurazione
798,a31003,299870.0,300472.0,778,formale
799,a31004,300472.0,300820.0,779,<inspiration>
800,a31005,300820.0,301253.0,780,viene
801,a31006,301253.0,301780.0,781,<eeh>
802,a31007,301780.0,302459.0,782,fatta
803,a31008,302459.0,302747.0,783,<sp>
804,a31009,302747.0,303358.0,784,dalla
805,a31010,303358.0,303504.0,785,<vocal>
806,a31011,303504.0,304262.0,786,regina
807,a31012,304262.0,304590.0,787,<eeh>
808,a31013,304590.0,304720.0,788,che
809,a31014,304720.0,305080.0,789,potete
810,a31015,305080.0,305675.0,790,vedere
811,a31016,305675.0,306073.0,791,<inspiration>
812,a31017,306073.0,306858.0,792,<ehm>
813,a31018,306858.0,307089.0,793,in
814,a31019,307089.0,308010.0,794,quell'affresco
815,a31020,308010.0,308130.0,795,da
816,a31021,308130.0,308390.0,796,quella
817,a31022,308390.0,308940.0,797,parte
818,a31023,308940.0,309330.0,798,<inspiration>
819,a31024,309330.0,309500.0,799,Si
820,a31025,309500.0,310150.0,800,tratta
821,a31026,310150.0,310460.0,801,della
822,a31027,310460.0,311213.0,802,regina
823,a31028,311213.0,312050.0,803,Giovanna
824,a31029,312050.0,312329.0,804,<inspiration>
825,a31030,312329.0,312400.0,805,<tongue-click>
826,a31031,312400.0,312930.0,806,quind
827,,,,806,<ii>
828,a31032,312930.0,313080.0,807,la
829,a31033,313080.0,313760.0,808,nipote
830,a31034,313760.0,313860.0,809,<sp>
831,a31035,313860.0,314030.0,810,di
832,a31036,314030.0,314180.0,811,re
833,a31037,314180.0,314670.0,812,Roberto
834,a31038,314670.0,314789.0,813,il
835,a31039,314789.0,315410.0,814,Saggio
836,a31040,315410.0,315723.0,815,<inspiration>
837,a31041,315723.0,315890.0,816,che
838,a31042,315890.0,316500.0,817,offre
839,a31043,316500.0,316713.0,818,<inspiration>
840,a31044,316713.0,317044.0,819,<eeh>
841,a31045,317044.0,317228.0,820,il
842,a31046,317228.0,317783.0,821,modello
843,a31047,317783.0,317970.0,822,della
844,a31048,317970.0,318390.0,823,Certosa
845,a31049,318390.0,318470.0,824,di
846,a31050,318470.0,318640.0,825,San
847,a31051,318640.0,319120.0,826,Martino
848,a31052,319120.0,319240.0,827,a
849,a31053,319240.0,319551.0,828,San
850,a31054,319551.0,319920.0,829,Bruno
851,a31055,319920.0,320010.0,830,in
852,a31056,320010.0,320700.0,831,persona
853,a31057,320700.0,320795.0,832,<sp>
854,a31058,320795.0,320914.0,833,che
855,a31059,320914.0,320970.0,834,è
856,a31060,320970.0,321030.0,835,il
857,a31061,321030.0,321590.0,836,fondatore
858,a31062,321590.0,322131.0,837,dell'ordine
859,a31063,322131.0,322240.0,838,e
860,a31064,322240.0,322370.0,839,di
861,a31065,322370.0,322670.0,840,cui
862,a31066,322670.0,322880.0,841,<sp>
863,a31067,322880.0,323227.0,842,insomma
864,a31068,323227.0,323820.0,843,parleremo
865,a31069,323820.0,324780.0,844,diffusamente
866,a31070,324780.0,325104.0,845,<inspiration>
867,a31071,325104.0,325261.0,846,più
868,a31072,325261.0,325887.0,847,tardi
869,a31073,325887.0,326760.0,848,<lp>
870,a31074,326760.0,327461.0,849,<inspiration>
871,a31075,327461.0,327723.0,850,<sp>
872,a31076,327723.0,327760.0,851,in
873,a31077,327760.0,328380.0,852,realtà
874,a31078,328380.0,328690.0,853,<sp>
875,a31079,328690.0,328831.0,854,è
876,a31080,328831.0,328982.0,855,una
877,a31081,328982.0,329576.0,856,conclusione
878,a31082,329576.0,329686.0,857,dei
879,a31083,329686.0,330260.0,858,lavori
880,a31084,330260.0,330910.0,859,<lp>
881,a31085,330910.0,331633.0,860,provvisoria
882,a31086,331633.0,331675.0,861,in
883,a31087,331675.0,331800.0,862,un
884,a31088,331800.0,332190.0,863,certo
885,a31089,332190.0,332893.0,864,senso
886,a31090,332893.0,333280.0,865,<inspiration>
887,a31091,333280.0,333880.0,866,perché
888,a31092,333880.0,335092.0,867,<ehm>
889,a31093,335092.0,335268.0,868,<tongue-click>
890,a31094,335268.0,335594.0,869,dalla/
891,a31095,335594.0,335631.0,870,a
892,a31096,335631.0,336215.0,871,partire
893,a31097,336215.0,336460.0,872,dalla
894,a31098,336460.0,336808.0,873,fine
895,a31099,336808.0,336940.0,874,del
896,a31100,336940.0,338245.0,875,millecinquecento
897,a31101,338245.0,339290.0,876,incominciano
898,a31102,339290.0,339490.0,877,una
899,a31103,339490.0,340041.0,878,serie
900,a31104,340041.0,340300.0,879,di
901,a31105,340300.0,340725.0,880,lavori
902,a31106,340725.0,340820.0,881,di
903,a31107,340820.0,341760.0,882,ammodernamento
904,a31108,341760.0,341800.0,883,e
905,a31109,341800.0,341920.0,884,di
906,a31110,341920.0,342640.0,885,abbellimento
907,a31111,342640.0,342840.0,886,della
908,a31112,342840.0,343430.0,887,Certosa
909,a31113,343430.0,343700.0,888,che
910,a31114,343700.0,344189.0,889,<inspiration>
911,a31115,344189.0,344530.0,890,<sp>
912,a31116,344530.0,344650.0,891,a
913,a31117,344650.0,345125.0,892,fasi
914,a31118,345125.0,345300.0,893,più
915,a31119,345300.0,345350.0,894,o
916,a31120,345350.0,345520.0,895,meno
917,a31121,345520.0,346326.0,896,alterne
918,a31122,346326.0,346610.0,897,<inspiration>
919,a31123,346610.0,346839.0,898,si
920,a31124,346839.0,347920.0,899,concluderanno
921,a31125,347920.0,349020.0,900,veramente
922,a31126,349020.0,349790.0,901,solo
923,a31127,349790.0,350020.0,902,al/
924,a31128,350020.0,350160.0,903,nel
925,a31129,350160.0,351110.0,904,Settecento
926,a31130,351110.0,351230.0,905,<sp>
927,a31131,351230.0,351510.0,906,quindi
928,a31132,351510.0,351720.0,907,tra
929,a31133,351720.0,351840.0,908,una
930,a31134,351840.0,352159.0,909,cosa
931,a31135,352159.0,352240.0,910,e
932,a31136,352240.0,352825.0,911,l'altra
933,a31137,352825.0,353000.0,912,<sp>
934,a31138,353000.0,353146.0,913,ci
935,a31139,353146.0,353260.0,914,si
936,a31140,353260.0,353950.0,915,prolunga
937,a31141,353950.0,354160.0,916,<inspiration>
938,a31142,354160.0,354290.0,917,per
939,a31143,354290.0,354370.0,918,un
940,a31144,354370.0,354555.0,919,bel
941,a31145,354555.0,354840.0,920,po'
942,a31146,354840.0,355046.0,921,ed
943,a31147,355046.0,355108.0,922,è
944,a31148,355108.0,355292.0,923,per
945,a31149,355292.0,355620.0,924,questo
946,a31150,355620.0,356013.0,925,motivo
947,a31151,356013.0,356110.0,926,che
948,a31152,356110.0,356220.0,927,la
949,a31153,356220.0,356826.0,928,certosa
950,a31154,356826.0,357092.0,929,viene
951,a31155,357092.0,357780.0,930,considerata
952,a31156,357780.0,358030.0,931,anche
953,a31157,358030.0,358240.0,932,uno
954,a31158,358240.0,358503.0,933,degli
955,a31159,358503.0,359006.0,934,scrigni
956,a31160,359006.0,359508.0,935,dell'arte
957,a31161,359508.0,360180.0,936,barocca
958,a31162,360180.0,360477.0,937,<inspiration>
959,a31163,360477.0,360612.0,938,più
960,a31164,360612.0,361150.0,939,importanti
961,a31165,361150.0,361246.0,940,che
962,a31166,361246.0,361419.0,941,ci
963,a31167,361419.0,361800.0,942,siano
964,a31168,361800.0,361942.0,943,a
965,a31169,361942.0,362400.0,944,Napoli
966,a31170,362400.0,362640.0,945,quindi
967,a31171,362640.0,362894.0,946,questo
968,a31172,362894.0,362920.0,947,è
969,a31173,362920.0,363260.0,948,proprio
970,a31174,363260.0,363506.0,949,uno
971,a31175,363506.0,363651.0,950,dei
972,a31176,363651.0,364240.0,951,musei
973,a31177,364240.0,364673.0,952,<inspiration>
974,a31178,364673.0,365353.0,953,<ehm>
975,a31179,365353.0,365480.0,954,che/
976,a31180,365480.0,365652.0,955,da
977,a31181,365652.0,365819.0,956,non
978,a31182,365819.0,366450.0,957,mancare
979,a31183,366450.0,366875.0,958,soprattutto
980,a31184,366875.0,367034.0,959,per
981,a31185,367034.0,367173.0,960,chi
982,a31186,367173.0,367424.0,961,viene
983,a31187,367424.0,367540.0,962,da
984,a31188,367540.0,367950.0,963,fuori
985,a31189,367950.0,368040.0,964,è
986,a31190,368040.0,368257.0,965,uno
987,a31191,368257.0,368361.0,966,di
988,a31192,368361.0,368732.0,967,quei
989,a31193,368732.0,368944.0,968,<inspiration>
990,a31194,368944.0,369067.0,969,di
991,a31195,369067.0,369258.0,970,quei
992,a31196,369258.0,369580.0,971,luoghi
993,a31197,369580.0,369660.0,972,che
994,a31198,369660.0,370120.0,973,andrebbero
995,a31199,370120.0,370690.0,974,visitati
996,a31200,370690.0,371216.0,975,<lp>
997,a31201,371216.0,371380.0,976,<tongue-click>
998,a31202,371380.0,371630.0,977,anche
999,a31203,371630.0,371870.0,978,perché
1000,a31204,371870.0,371983.0,979,c'è
1001,a31205,371983.0,372027.0,980,un
1002,a31206,372027.0,373019.0,981,panorama
1003,,,,981,<aa>
1004,a31207,373019.0,373750.0,982,notevole
1005,,,,982,<ee>
1006,a31208,373750.0,373890.0,983,tra
1007,a31209,373890.0,374279.0,984,l'altro
1008,a31210,374279.0,374770.0,985,<inspiration>
1009,a31211,374770.0,375140.0,986,quindi
1010,a31212,375140.0,375267.0,987,è
1011,a31213,375267.0,375498.0,988,una
1012,a31214,375498.0,376114.0,989,buona
1013,,,,989,<aa>
1014,a31215,376114.0,376160.0,990,è
1015,a31216,376160.0,376253.0,991,un
1016,a31217,376253.0,376370.0,992,buon
1017,a31218,376370.0,376660.0,993,modo
1018,a31219,376660.0,376842.0,994,per
1019,a31220,376842.0,377291.0,995,dare
1020,a31221,377291.0,378120.0,996,un'idea
1021,a31222,378120.0,379452.0,997,<ehm>
1022,a31223,379452.0,379628.0,998,di
1023,a31224,379628.0,379760.0,999,do+/
1024,a31225,379760.0,379885.0,1000,un
1025,a31226,379885.0,379971.0,1001,mo+
1026,a31227,379971.0,380230.0,1002,modo
1027,a31228,380230.0,380460.0,1003,per
1028,a31229,380460.0,380543.0,1004,<sp>
1029,a31230,380543.0,380800.0,1005,avere
1030,a31231,380800.0,380920.0,1006,un
1031,a31232,380920.0,381430.0,1007,quadro
1032,a31233,381430.0,381728.0,1008,diciamo
1033,a31234,381728.0,381950.0,1009,della
1034,a31235,381950.0,382463.0,1010,città
1035,a31236,382463.0,383635.0,1011,<ehm>
1036,a31237,383635.0,383754.0,1012,<tongue-click>
1037,a31238,383754.0,384280.0,1013,intera
1038,a31239,384280.0,384949.0,1014,<inspiration>
1039,a31240,384949.0,385117.0,1015,ci
1040,a31241,385117.0,385750.0,1016,troviamo
1041,a31242,385750.0,386516.0,1017,all'interno
1042,a31243,386516.0,386680.0,1018,del
1043,a31244,386680.0,387323.0,1019,pronao
1044,a31245,387323.0,388252.0,1020,<lp>
1045,a31246,388252.0,388426.0,1021,che
1046,a31247,388426.0,388513.0,1022,è
1047,a31248,388513.0,388677.0,1023,un
1048,a31249,388677.0,388975.0,1024,buon
1049,a31250,388975.0,389767.0,1025,esempio
1050,a31251,389767.0,390201.0,1026,<eeh>
1051,a31252,390201.0,391120.0,1027,per
1052,,,,1027,<rr>
1053,a31253,391120.0,391547.0,1028,<ehm>
1054,a31254,391547.0,391960.0,1029,cercare
1055,a31255,391960.0,392070.0,1030,di
1056,a31256,392070.0,392877.0,1031,mostrarvi
1057,a31257,392877.0,393385.0,1032,<inspiration>
1058,a31258,393385.0,393970.0,1033,queste
1059,a31259,393970.0,394473.0,1034,fasi
1060,a31260,394473.0,395160.0,1035,diverse
1061,a31261,395160.0,395920.0,1036,<lp>
1062,a31262,395920.0,396090.0,1037,di
1063,a31263,396090.0,397020.0,1038,lavorazione
1064,a31264,397020.0,397100.0,1039,di
1065,a31265,397100.0,397870.0,1040,ammodernamento
1066,a31266,397870.0,398070.0,1041,della
1067,a31267,398070.0,398640.0,1042,certosa
1068,a31268,398640.0,398780.0,1043,<sp>
1069,a31269,398780.0,399010.0,1044,siamo
1070,a31270,399010.0,399390.0,1045,partiti
1071,a31271,399390.0,399750.0,1046,appunto
1072,a31272,399750.0,399900.0,1047,dal
1073,a31273,399900.0,400820.0,1048,milletrecento
1074,a31274,400820.0,401010.0,1049,quindi
1075,a31275,401010.0,401150.0,1050,una
1076,a31276,401150.0,401662.0,1051,fabbrica
1077,a31277,401662.0,401903.0,1052,<inspiration>
1078,a31278,401903.0,402770.0,1053,medievale
1079,a31279,402770.0,403266.0,1054,<inspiration>
1080,a31280,403266.0,403413.0,1055,se
1081,a31281,403413.0,403626.0,1056,voi
1082,a31282,403626.0,404020.0,1057,guardate
1083,a31283,404020.0,404250.0,1058,sulla
1084,a31284,404250.0,404590.0,1059,vostra
1085,a31285,404590.0,405150.0,1060,testa
1086,a31286,405150.0,405409.0,1061,<sp>
1087,a31287,405409.0,405711.0,1062,<inspiration>
1088,a31288,405711.0,405820.0,1063,<tongue-click>
1089,a31289,405820.0,406240.0,1064,potete
1090,a31290,406240.0,407040.0,1065,scorgere
1091,a31291,407040.0,407470.0,1066,<sp>
1092,a31292,407470.0,407687.0,1067,<inspiration>
1093,a31293,407687.0,407910.0,1068,<tongue-click>
1094,a31294,407910.0,408460.0,1069,alcuni
1095,a31295,408460.0,408930.0,1070,resti
1096,a31296,408930.0,409050.0,1071,per
1097,a31297,409050.0,409540.0,1072,esempio
1098,a31298,409540.0,409830.0,1073,di
1099,a31299,409830.0,410150.0,1074,<sp>
1100,a31300,410150.0,410539.0,1075,alcune
1101,a31301,410539.0,411070.0,1076,tracce
1102,a31302,411070.0,411290.0,1077,ben
1103,a31303,411290.0,412070.0,1078,evidenti
1104,a31304,412070.0,412435.0,1079,<inspiration>
1105,a31305,412435.0,412744.0,1080,<sp>
1106,a31306,412744.0,412892.0,1081,<tongue-click>
1107,a31307,412892.0,413010.0,1082,di
1108,a31308,413010.0,413280.0,1083,archi
1109,a31309,413280.0,413310.0,1084,a
1110,a31310,413310.0,413700.0,1085,sesto
1111,a31311,413700.0,414160.0,1086,acuto
1112,a31312,414160.0,414310.0,1087,<sp>
1113,a31313,414310.0,414960.0,1088,tipici
1114,a31314,414960.0,415440.0,1089,<sp>
1115,a31315,415440.0,416254.0,1090,della
1116,a31316,416254.0,416660.0,1091,<sp>
1117,a31317,416660.0,417380.0,1092,dell'architettura
1118,a31318,417380.0,417940.0,1093,gotica
1119,a31319,417940.0,418641.0,1094,<lp>
1120,a31320,418641.0,418780.0,1095,<tongue-click>
1121,a31321,418780.0,419210.0,1096,però
1122,a31322,419210.0,419398.0,1097,<sp>
1123,a31323,419398.0,419700.0,1098,diciamo
1124,a31324,419700.0,420750.0,1099,sopraffatti
1125,a31325,420750.0,421130.0,1100,<inspiration>
1126,a31326,421130.0,421390.0,1101,dalla
1127,a31327,421390.0,422180.0,1102,decorazione
1128,a31328,422180.0,422285.0,1103,che
1129,a31329,422285.0,422720.0,1104,poi
1130,a31330,422720.0,423031.0,1105,<inspiration>
1131,a31331,423031.0,423540.0,1106,viene
1132,a31332,423540.0,423761.0,1107,<inspiration>
1133,a31333,423761.0,424602.0,1108,<eeh>
1134,a31334,424602.0,425340.0,1109,appunto
1135,,,,1109,<oo>
1136,a31335,425340.0,425520.0,1110,<inspiration>
1137,a31336,425520.0,427062.0,1111,<ehm>
1138,a31337,427062.0,427290.0,1112,viene
1139,a31338,427290.0,427678.0,1113,portata
1140,a31339,427678.0,428370.0,1114,avanti
1141,a31340,428370.0,428609.0,1115,<inspiration>
1142,a31341,428609.0,428870.0,1116,dal
1143,a31342,428870.0,429585.0,1117,toscano
1144,a31343,429585.0,430240.0,1118,Dosio
1145,a31344,430240.0,430420.0,1119,<breath>
1146,a31345,430420.0,430650.0,1120,dalla
1147,a31346,430650.0,430870.0,1121,fine
1148,a31347,430870.0,430930.0,1122,del
1149,a31348,430930.0,431760.0,1123,millecinquecento
1150,a31349,431760.0,431910.0,1124,come
1151,a31350,431910.0,432262.0,1125,dicevo
1152,a31351,432262.0,432296.0,1126,e
1153,a31352,432296.0,432620.0,1127,poi
1154,a31353,432620.0,432780.0,1128,per
1155,a31354,432780.0,432880.0,1129,la
1156,a31355,432880.0,433125.0,1130,prima
1157,a31356,433125.0,433433.0,1131,metà
1158,a31357,433433.0,433746.0,1132,<inspiration>
1159,a31358,433746.0,434554.0,1133,del
1160,,,,1133,<ll>
1161,a31359,434554.0,434698.0,1134,del
1162,a31360,434698.0,435270.0,1135,Seicento
1163,a31361,435270.0,435466.0,1136,<sp>
1164,a31362,435466.0,436012.0,1137,ovviamente
1165,a31363,436012.0,436120.0,1138,vi
1166,a31364,436120.0,436330.0,1139,siete
1167,a31365,436330.0,436602.0,1140,resi
1168,a31366,436602.0,437120.0,1141,benissimo
1169,a31367,437120.0,437530.0,1142,conto
1170,a31368,437530.0,437700.0,1143,che
1171,a31369,437700.0,438240.0,1144,l'affresco
1172,a31370,438240.0,438318.0,1145,che
1173,a31371,438318.0,438422.0,1146,vi
1174,a31372,438422.0,438449.0,1147,ho
1175,a31373,438449.0,438820.0,1148,indicato
1176,a31374,438820.0,439090.0,1149,prima
1177,a31375,439090.0,439740.0,1150,naturalmente
1178,a31376,439740.0,439871.0,1151,non
1179,a31377,439871.0,439940.0,1152,è
1180,a31378,439940.0,440010.0,1153,un
1181,a31379,440010.0,440624.0,1154,affresco
1182,a31380,440624.0,440975.0,1155,<inspiration>
1183,a31381,440975.0,441596.0,1156,<eeh>
1184,a31382,441596.0,442400.0,1157,trecentesco
1185,a31383,442400.0,442560.0,1158,ma
1186,a31384,442560.0,442930.0,1159,<sp>
1187,a31385,442930.0,443060.0,1160,ma
1188,a31386,443060.0,443530.0,1161,appartiene
1189,a31387,443530.0,443890.0,1162,appunto
1190,a31388,443890.0,443930.0,1163,a
1191,a31389,443930.0,444280.0,1164,questa
1192,a31390,444280.0,444769.0,1165,fase
1193,a31391,444769.0,445120.0,1166,<inspiration>
1194,a31392,445120.0,445772.0,1167,<ehm>
1195,a31393,445772.0,445893.0,1168,<tongue-click>
1196,a31394,445893.0,446830.0,1169,seicentesca
1197,a31395,446830.0,447130.0,1170,<sp>
1198,a31396,447130.0,447303.0,1171,più
1199,a31397,447303.0,448080.0,1172,interessante
1200,a31398,448080.0,448600.0,1173,ancora
1201,a31399,448600.0,448750.0,1174,del
1202,a31400,448750.0,449430.0,1175,pronao
1203,a31401,449430.0,449724.0,1176,<sp>
1204,a31402,449724.0,449820.0,1177,<tongue-click>
1205,a31403,449820.0,449880.0,1178,è
1206,a31404,449880.0,450500.0,1179,naturalmente
1207,a31405,450500.0,450720.0,1180,quello
1208,a31406,450720.0,450790.0,1181,che
1209,a31407,450790.0,450880.0,1182,è
1210,a31408,450880.0,451020.0,1183,alle
1211,a31409,451020.0,451147.0,1184,mie
1212,a31410,451147.0,451660.0,1185,spalle
1213,a31411,451660.0,451996.0,1186,<sp>
1214,a31412,451996.0,452275.0,1187,<noise>
1215,a31413,452275.0,452480.0,1188,<sp>
1216,a31414,452480.0,452910.0,1189,cioè
1217,a31415,452910.0,453493.0,1190,<lp>
1218,a31416,453493.0,453646.0,1191,<tongue-click>
1219,a31417,453646.0,453780.0,1192,la
1220,a31418,453780.0,454240.0,1193,chiesa
1221,a31419,454240.0,454677.0,1194,<sp>
1222,a31420,454677.0,454999.0,1195,<noise>
1223,a31421,454999.0,455380.0,1196,<eeh>
1224,a31422,455380.0,456066.0,1197,del
1225,,,,1197,<ll>
1226,a31423,456066.0,456300.0,1198,della
1227,a31424,456300.0,456842.0,1199,certosa
1228,a31425,456842.0,456942.0,1200,che
1229,a31426,456942.0,457022.0,1201,è
1230,a31427,457022.0,457580.0,1202,ovviamente
1231,a31428,457580.0,457853.0,1203,uno
1232,a31429,457853.0,458320.0,1204,delle/
1233,,,,1204,<ee>
1234,,,,1204,/
1235,a31430,458320.0,458434.0,1205,dei
1236,a31431,458434.0,459090.0,1206,luoghi
1237,,,,1206,<ii>
1238,a31432,459090.0,459326.0,1207,<inspiration>
1239,a31433,459326.0,459780.0,1208,chiave
1240,a31434,459780.0,460365.0,1209,<inspiration>
1241,a31435,460365.0,460660.0,1210,<sp>
1242,a31436,460660.0,461188.0,1211,del
1243,,,,1211,<ll>
1244,a31437,461188.0,461370.0,1212,del
1245,a31438,461370.0,462040.0,1213,complesso
1246,a31439,462040.0,462313.0,1214,<inspiration>
1247,a31440,462313.0,463193.0,1215,sfortunatamente
1248,a31441,463193.0,463325.0,1216,in
1249,a31442,463325.0,463580.0,1217,questo
1250,a31443,463580.0,464044.0,1218,momento
1251,a31444,464044.0,464160.0,1219,ci
1252,a31445,464160.0,464199.0,1220,è
1253,a31446,464199.0,464970.0,1221,impossibile
1254,a31447,464970.0,465700.0,1222,entrare
1255,a31448,465700.0,466210.0,1223,perché
1256,a31449,466210.0,466496.0,1224,<inspiration>
1257,a31450,466496.0,466833.0,1225,<eeh>
1258,a31451,466833.0,466978.0,1226,il
1259,a31452,466978.0,467551.0,1227,pavimento
1260,a31453,467551.0,467599.0,1228,è
1261,a31454,467599.0,467960.0,1229,molto
1262,a31455,467960.0,468670.0,1230,delicato
1263,a31456,468670.0,468700.0,1231,e
1264,a31457,468700.0,469257.0,1232,quindi
1265,a31458,469257.0,469392.0,1233,la
1266,a31459,469392.0,470100.0,1234,Soprintendenza /
1267,a31460,470100.0,470415.0,1235,insomma
1268,a31461,470415.0,470666.0,1236,si
1269,a31462,470666.0,470750.0,1237,è
1270,a31463,470750.0,471420.0,1238,scelto
1271,a31464,471420.0,471630.0,1239,per
1272,a31465,471630.0,472180.0,1240,un
1273,,,,1240,<nn>
1274,a31466,472180.0,472990.0,1241,<lp>
1275,a31467,472990.0,473210.0,1242,per
1276,a31468,473210.0,473310.0,1243,un/
1277,a31469,473310.0,473480.0,1244,per
1278,a31470,473480.0,473860.0,1245,ora
1279,a31471,473860.0,474323.0,1246,insomma
1280,a31472,474323.0,474730.0,1247,<inspiration>
1281,a31473,474730.0,475133.0,1248,di
1282,a31474,475133.0,475637.0,1249,<eeh>
1283,a31475,475637.0,476164.0,1250,proibire
1284,a31476,476164.0,476208.0,1251,il
1285,a31477,476208.0,476955.0,1252,passaggio
1286,a31478,476955.0,477051.0,1253,dei
1287,a31479,477051.0,477569.0,1254,visitatori
1288,a31480,477569.0,477860.0,1255,quindi
1289,a31481,477860.0,478090.0,1256,<inspiration>
1290,a31482,478090.0,478160.0,1257,vi
1291,a31483,478160.0,478478.0,1258,potete
1292,a31484,478478.0,479286.0,1259,avvicinare
1293,a31485,479286.0,479628.0,1260,<inspiration>
1294,a31486,479628.0,479962.0,1261,così
1295,a31487,479962.0,480263.0,1262,vedete
1296,a31488,480263.0,480778.0,1263,meglio
1297,a31489,480778.0,481160.0,1264,però
1298,a31490,481160.0,481431.0,1265,<sp>
1299,a31491,481431.0,481956.0,1266,purtroppo
1300,a31492,481956.0,482110.0,1267,non
1301,a31493,482110.0,482950.0,1268,possiamo
1302,a31494,482950.0,483130.0,1269,non
1303,a31495,483130.0,483580.0,1270,possiamo
1304,a31496,483580.0,484090.0,1271,entrare
1305,a31497,484090.0,484695.0,1272,<inspiration>
1306,a31498,484695.0,485230.0,1273,<lp>
1307,a31499,485230.0,485728.0,1274,pur
1308,a31500,485728.0,486230.0,1275,<breath>
1309,a31501,486230.0,486582.0,1276,non
1310,a31502,486582.0,487020.0,1277,<ehm>
1311,a31503,487020.0,487432.0,1278,avendo
1312,a31504,487432.0,488240.0,1279,accesso
1313,a31505,488240.0,488476.0,1280,alla
1314,a31506,488476.0,489130.0,1281,chiesa
1315,a31507,489130.0,489560.0,1282,<inspiration>
1316,a31508,489560.0,490879.0,1283,<ehm>
1317,a31509,490879.0,491033.0,1284,<sp>
1318,a31510,491033.0,491386.0,1285,penso
1319,a31511,491386.0,491489.0,1286,che
1320,a31512,491489.0,491661.0,1287,vi
1321,a31513,491661.0,492210.0,1288,rendiate
1322,a31514,492210.0,492970.0,1289,conto
1323,a31515,492970.0,494139.0,1290,dell'enorme
1324,a31516,494139.0,494560.0,1291,<eeh>
1325,a31517,494560.0,495310.0,1292,quantità
1326,a31518,495310.0,495831.0,1293,<inspiration>
1327,a31519,495831.0,496138.0,1294,di
1328,a31520,496138.0,496650.0,1295,splendide
1329,a31521,496650.0,496930.0,1296,opere
1330,a31522,496930.0,497280.0,1297,d'arte
1331,a31523,497280.0,497374.0,1298,che
1332,a31524,497374.0,497460.0,1299,vi
1333,a31525,497460.0,497670.0,1300,sono
1334,a31526,497670.0,498080.0,1301,conse+
1335,a31527,498080.0,498810.0,1302,conservate
1336,a31528,498810.0,499580.0,1303,all'interno
1337,a31529,499580.0,499760.0,1304,<inspiration>
1338,a31530,499760.0,500298.0,1305,<lp>
1339,a31531,500298.0,501046.0,1306,<eeh>
1340,a31532,501046.0,501282.0,1307,<sp>
1341,a31533,501282.0,501915.0,1308,<unclear>
1342,a31534,501915.0,502520.0,1309,una/
1343,,,,1309,<aa>
1344,,,,1309,/
1345,a31535,502520.0,502630.0,1310,un
1346,a31536,502630.0,503159.0,1311,personaggio
1347,a31537,503159.0,503245.0,1312,di
1348,a31538,503245.0,503341.0,1313,cui
1349,a31539,503341.0,503800.0,1314,parleremo
1350,a31540,503800.0,504170.0,1315,molto
1351,a31541,504170.0,504500.0,1316,durante
1352,a31542,504500.0,504600.0,1317,la
1353,a31543,504600.0,504960.0,1318,visita
1354,a31544,504960.0,505280.0,1319,che
1355,a31545,505280.0,505770.0,1320,<inspiration>
1356,a31546,505770.0,506360.0,1321,interviene
1357,a31547,506360.0,507040.0,1322,tantissimo
1358,a31548,507040.0,507140.0,1323,in
1359,a31549,507140.0,507530.0,1324,chiesa
1360,a31550,507530.0,507690.0,1325,ma
1361,a31551,507690.0,507851.0,1326,anche
1362,a31552,507851.0,507940.0,1327,in
1363,a31553,507940.0,508258.0,1328,altri
1364,a31554,508258.0,508540.0,1329,luoghi
1365,a31555,508540.0,508750.0,1330,della
1366,a31556,508750.0,509135.0,1331,Certosa
1367,a31557,509135.0,509165.0,1332,è
1368,a31558,509165.0,509547.0,1333,Cosimo
1369,a31559,509547.0,510140.0,1334,Fanzago
1370,a31560,510140.0,510851.0,1335,<lp>
1371,a31561,510851.0,510940.0,1336,<tongue-click>
1372,a31562,510940.0,511050.0,1337,è
1373,a31563,511050.0,511540.0,1338,lui
1374,a31564,511540.0,511970.0,1339,che
1375,a31565,511970.0,512510.0,1340,<inspiration>
1376,a31566,512510.0,512650.0,1341,in
1377,a31567,512650.0,512955.0,1342,qualche
1378,a31568,512955.0,513220.0,1343,modo
1379,a31569,513220.0,513541.0,1344,diciamo
1380,a31570,513541.0,513790.0,1345,così
1381,a31571,513790.0,514380.0,1346,permettetemi
1382,a31572,514380.0,514480.0,1347,il
1383,a31573,514480.0,514910.0,1348,termine
1384,a31574,514910.0,515070.0,1349,si
1385,a31575,515070.0,515648.0,1350,inventa
1386,a31576,515648.0,515774.0,1351,<breath>
1387,a31577,515774.0,516063.0,1352,<sp>
1388,a31578,516063.0,516164.0,1353,<tongue-click>
1389,a31579,516164.0,517262.0,1354,questa
1390,,,,1354,<aa>
1391,a31580,517262.0,517590.0,1355,<breath>
1392,a31581,517590.0,518390.0,1356,decorazione
1393,a31582,518390.0,518520.0,1357,in
1394,a31583,518520.0,519069.0,1358,marmi
1395,,,,1358,<ii>
1396,a31584,519069.0,519730.0,1359,commessi
1397,a31585,519730.0,519994.0,1360,questi
1398,a31586,519994.0,520420.0,1361,marmi
1399,a31587,520420.0,521050.0,1362,pregiati
1400,a31588,521050.0,521140.0,1363,di
1401,a31589,521140.0,521743.0,1364,diverso
1402,a31590,521743.0,522124.0,1365,<inspiration>
1403,a31591,522124.0,522771.0,1366,colore
1404,a31592,522771.0,523026.0,1367,<inspiration>
1405,a31593,523026.0,524177.0,1368,<ehm>
1406,a31594,524177.0,524804.0,1369,diciamo
1407,a31595,524804.0,525016.0,1370,<inspiration>
1408,a31596,525016.0,525906.0,1371,<ehm>
1409,a31597,525906.0,526229.0,1372,messi
1410,a31598,526229.0,526305.0,1373,in
1411,a31599,526305.0,526660.0,1374,opera
1412,a31600,526660.0,526760.0,1375,tra
1413,a31601,526760.0,527160.0,1376,loro
1414,a31602,527160.0,527577.0,1377,quasi
1415,a31603,527577.0,527970.0,1378,ancora
1416,a31604,527970.0,528070.0,1379,una
1417,a31605,528070.0,528330.0,1380,volta
1418,a31606,528330.0,528970.0,1381,permettetemi
1419,a31607,528970.0,529211.0,1382,il
1420,a31608,529211.0,529601.0,1383,termine
1421,a31609,529601.0,529740.0,1384,come
1422,a31610,529740.0,529840.0,1385,una
1423,a31611,529840.0,530290.0,1386,sorta
1424,a31612,530290.0,530583.0,1387,<inspiration>
1425,a31613,530583.0,530916.0,1388,<eeh>
1426,a31614,530916.0,531051.0,1389,di
1427,a31615,531051.0,531645.0,1390,puzzle
1428,a31616,531645.0,531889.0,1391,<sp>
1429,a31617,531889.0,531998.0,1392,in
1430,a31618,531998.0,532533.0,1393,realtà
1431,a31619,532533.0,532740.0,1394,<inspiration>
1432,a31620,532740.0,532869.0,1395,i+
1433,a31621,532869.0,533372.0,1396,*proprio/
1434,a31622,533372.0,533539.0,1397,nel
1435,a31623,533539.0,534200.0,1398,particolare
1436,a31624,534200.0,534290.0,1399,il
1437,a31625,534290.0,534835.0,1400,pavimento
1438,a31626,534835.0,534923.0,1401,che
1439,a31627,534923.0,535300.0,1402,vedete
1440,a31628,535300.0,535408.0,1403,è
1441,a31629,535408.0,535559.0,1404,più
1442,a31630,535559.0,536150.0,1405,tardo
1443,a31631,536150.0,536445.0,1406,cioè
1444,a31632,536445.0,536784.0,1407,<eeh>
1445,a31633,536784.0,537185.0,1408,dopo
1446,a31634,537185.0,537554.0,1409,che
1447,a31635,537554.0,538069.0,1410,<eeh>
1448,a31636,538069.0,539080.0,1411,Fanzago
1449,a31637,539080.0,540014.0,1412,<lp>
1450,a31638,540014.0,540350.0,1413,<tongue-click>
1451,a31639,540350.0,541118.0,1414,lavora
1452,a31640,541118.0,541430.0,1415,<inspiration>
1453,a31641,541430.0,541631.0,1416,per
1454,a31642,541631.0,542490.0,1417,trent'anni
1455,a31643,542490.0,542640.0,1418,<sp>
1456,a31644,542640.0,542770.0,1419,in
1457,a31645,542770.0,543236.0,1420,realtà
1458,a31646,543236.0,543700.0,1421,qui
1459,a31647,543700.0,544167.0,1422,<eeh>
1460,a31648,544167.0,544340.0,1423,in
1461,a31649,544340.0,544955.0,1424,certosa
1462,a31650,544955.0,545131.0,1425,la
1463,a31651,545131.0,545277.0,1426,sua
1464,a31652,545277.0,545611.0,1427,opera
1465,a31653,545611.0,545899.0,1428,viene
1466,a31654,545899.0,546113.0,1429,con+
1467,a31655,546113.0,546350.0,1430,<ehm>m
1468,a31656,546350.0,546910.0,1431,continuata
1469,a31657,546910.0,546970.0,1432,in
1470,a31658,546970.0,547258.0,1433,questo
1471,a31659,547258.0,547489.0,1434,caso
1472,a31660,547489.0,547598.0,1435,da
1473,a31661,547598.0,548240.0,1436,Bonaventura
1474,a31662,548240.0,548730.0,1437,Presti
1475,a31663,548730.0,548830.0,1438,che
1476,a31664,548830.0,548990.0,1439,tra
1477,a31665,548990.0,549260.0,1440,l'altro
1478,a31666,549260.0,549370.0,1441,era
1479,a31667,549370.0,550080.0,1442,certosino
1480,a31668,550080.0,550546.0,1443,<inspiration>
1481,a31669,550546.0,550785.0,1444,quindi
1482,a31670,550785.0,551100.0,1445,giocava
1483,a31671,551100.0,551240.0,1446,in
1484,a31672,551240.0,551700.0,1447,casa
1485,a31673,551700.0,552370.0,1448,diciamo
1486,,,,1448,<oo>
1487,a31674,552370.0,552786.0,1449,<inspiration>
1488,a31675,552786.0,553110.0,1450,diciamo
1489,a31676,553110.0,553417.0,1451,così
1490,a31677,553417.0,553684.0,1452,<inspiration>
1491,a31678,553684.0,554177.0,1453,<lp>
1492,a31679,554177.0,554249.0,1454,<tongue-click>
1493,a31680,554249.0,554499.0,1455,e
1494,a31681,554499.0,554751.0,1456,<eeh>
1495,a31682,554751.0,555107.0,1457,grazie
1496,a31683,555107.0,555140.0,1458,a
1497,a31684,555140.0,555990.0,1459,Fanzago
1498,a31685,555990.0,556250.0,1460,<inspiration>
1499,a31686,556250.0,556620.0,1461,<eeh>
1500,a31687,556620.0,556730.0,1462,la
1501,a31688,556730.0,557310.0,1463,decorazione
1502,a31689,557310.0,557410.0,1464,in
1503,a31690,557410.0,557705.0,1465,marmi
1504,a31691,557705.0,558230.0,1466,commessi
1505,a31692,558230.0,558310.0,1467,che
1506,a31693,558310.0,558980.0,1468,solitamente
1507,a31694,558980.0,559244.0,1469,veniva
1508,a31695,559244.0,559430.0,1470,dalla
1509,a31696,559430.0,559740.0,1471,scuola
1510,a31697,559740.0,560450.0,1472,fiorentina
1511,a31698,560450.0,560909.0,1473,era
1512,a31699,560909.0,561430.0,1474,un
1513,,,,1474,<nn>
1514,a31700,561430.0,561650.0,1475,<inspiration>
1515,a31701,561650.0,561990.0,1476,disegno
1516,a31702,561990.0,562290.0,1477,molto
1517,a31703,562290.0,562986.0,1478,geometrico
1518,a31704,562986.0,563234.0,1479,molto
1519,a31705,563234.0,563413.0,1480,più
1520,a31706,563413.0,564031.0,1481,regolare
1521,a31707,564031.0,564054.0,1482,in
1522,a31708,564054.0,564372.0,1483,realtà
1523,a31709,564372.0,565130.0,1484,esplode
1524,a31710,565130.0,565220.0,1485,in
1525,a31711,565220.0,565936.0,1486,decorazioni
1526,a31712,565936.0,566092.0,1487,più
1527,a31713,566092.0,566730.0,1488,ispirate
1528,a31714,566730.0,567350.0,1489,alla
1529,,,,1489,<aa>
1530,a31715,567350.0,567508.0,1490,<sp>
1531,a31716,567508.0,567720.0,1491,alla
1532,a31717,567720.0,568130.0,1492,natura
1533,a31718,568130.0,569179.0,1493,<inspiration>
1534,a31719,569179.0,569949.0,1494,oltre
1535,a31720,569949.0,570433.0,1495,<eeh>
1536,a31721,570433.0,570572.0,1496,i
1537,a31722,570572.0,571270.0,1497,marmi
1538,a31723,571270.0,571590.0,1498,noi
1539,a31724,571590.0,571660.0,1499,le
1540,a31725,571660.0,572090.0,1500,possiamo
1541,a31726,572090.0,572290.0,1501,solo
1542,a31727,572290.0,573187.0,1502,intravedere
1543,a31728,573187.0,573400.0,1503,ci
1544,a31729,573400.0,573639.0,1504,sono
1545,a31730,573639.0,573750.0,1505,le
1546,a31731,573750.0,574460.0,1506,cappelle
1547,a31732,574460.0,574950.0,1507,chiaramente
1548,a31733,574950.0,575220.0,1508,ogni
1549,a31734,575220.0,575820.0,1509,cappella
1550,a31735,575820.0,575865.0,1510,è
1551,a31736,575865.0,576322.0,1511,dedicata
1552,a31737,576322.0,576350.0,1512,a
1553,a31738,576350.0,576490.0,1513,un
1554,a31739,576490.0,577161.0,1514,santo
1555,a31740,577161.0,577410.0,1515,i
1556,a31741,577410.0,577920.0,1516,santi
1557,a31742,577920.0,578000.0,1517,che
1558,a31743,578000.0,578330.0,1518,vengono
1559,a31744,578330.0,578730.0,1519,scelti
1560,a31745,578730.0,578860.0,1520,non
1561,a31746,578860.0,579170.0,1521,sono
1562,a31747,579170.0,579787.0,1522,casuali
1563,a31748,579787.0,580151.0,1523,<sp>
1564,a31749,580151.0,580523.0,1524,e
1565,a31750,580523.0,581060.0,1525,sono
1566,,,,1525,<oo>
1567,a31751,581060.0,581580.0,1526,santi
1568,a31752,581580.0,581930.0,1527,molto
1569,a31753,581930.0,582160.0,1528,cari
1570,a31754,582160.0,582710.0,1529,all'ordine
1571,a31755,582710.0,583040.0,1530,<inspiration>
1572,a31756,583040.0,583230.0,1531,San
1573,a31757,583230.0,583770.0,1532,Martino
1574,a31758,583770.0,584230.0,1533,<lp>
1575,a31759,584230.0,584390.0,1534,a
1576,a31760,584390.0,584764.0,1535,cui
1577,a31761,584764.0,584916.0,1536,è
1578,a31762,584916.0,585340.0,1537,dedicata
1579,a31763,585340.0,585830.0,1538,ovviamente
1580,a31764,585830.0,585920.0,1539,la
1581,a31765,585920.0,586326.0,1540,certosa
1582,a31766,586326.0,586370.0,1541,è
1583,a31767,586370.0,586440.0,1542,un
1584,a31768,586440.0,586780.0,1543,santo
1585,a31769,586780.0,587560.0,1544,francese
1586,a31770,587560.0,587947.0,1545,<inspiration>
1587,a31771,587947.0,588250.0,1546,quindi
1588,a31772,588250.0,588823.0,1547,ricordiamo
1589,a31773,588823.0,589360.0,1548,l'origine
1590,a31774,589360.0,589760.0,1549,insomma
1591,a31775,589760.0,590230.0,1550,della
1592,,,,1550,<aa>
1593,a31776,590230.0,590450.0,1551,della
1594,a31777,590450.0,591120.0,1552,dinastia
1595,a31778,591120.0,591550.0,1553,<inspiration>
1596,a31779,591550.0,591730.0,1554,c'è
1597,a31780,591730.0,592040.0,1555,San
1598,a31781,592040.0,592520.0,1556,Bruno
1599,a31782,592520.0,592775.0,1557,<sp>
1600,a31783,592775.0,593550.0,1558,ovviamente
1601,a31784,593550.0,593670.0,1559,per
1602,a31785,593670.0,593750.0,1560,il
1603,a31786,593750.0,594280.0,1561,motivo
1604,a31787,594280.0,594540.0,1562,che
1605,a31788,594540.0,594590.0,1563,vi
1606,a31789,594590.0,595110.0,1564,dicevo
1607,a31790,595110.0,595540.0,1565,prima
1608,a31791,595540.0,596022.0,1566,<inspiration>
1609,a31792,596022.0,596230.0,1567,c'è
1610,a31793,596230.0,596806.0,1568,San
1611,a31794,596806.0,597020.0,1569,San
1612,a31795,597020.0,597249.0,1570,S+
1613,a31796,597249.0,597437.0,1571,San
1614,a31797,597437.0,597763.0,1572,Giovanni
1615,a31798,597763.0,598490.0,1573,Battista
1616,a31799,598490.0,598629.0,1574,<inspiration>
1617,a31800,598629.0,599630.0,1575,<lp>
1618,a31801,599630.0,600103.0,1576,che
1619,a31802,600103.0,600775.0,1577,<eeh>
1620,a31803,600775.0,600929.0,1578,è
1621,a31804,600929.0,601260.0,1579,stato
1622,a31805,601260.0,601350.0,1580,di
1623,a31806,601350.0,601685.0,1581,fatto
1624,a31807,601685.0,601879.0,1582,uno
1625,a31808,601879.0,601990.0,1583,dei
1626,a31809,601990.0,602270.0,1584,primi
1627,a31810,602270.0,602820.0,1585,eremiti
1628,a31811,602820.0,603589.0,1586,<inspiration>
1629,a31812,603589.0,604180.0,1587,quindi
1630,a31813,604180.0,604788.0,1588,<lp>
1631,a31814,604788.0,605023.0,1589,anche
1632,a31815,605023.0,605090.0,1590,in
1633,a31816,605090.0,605360.0,1591,questo
1634,a31817,605360.0,605712.0,1592,senso
1635,a31818,605712.0,605767.0,1593,è
1636,a31819,605767.0,606340.0,1594,importante
1637,a31820,606340.0,606450.0,1595,per
1638,a31821,606450.0,606860.0,1596,l'ordine
1639,a31822,606860.0,607520.0,1597,certosino
1640,a31823,607520.0,608088.0,1598,<inspiration>
1641,a31824,608088.0,609140.0,1599,<ehm>
1642,a31825,609140.0,609655.0,1600,<eeh>
1643,a31826,609655.0,610540.0,1601,l'Assunta
1644,a31827,610540.0,611157.0,1602,la
1645,,,,1602,<aa>
1646,a31828,611157.0,611415.0,1603,<sp>
1647,a31829,611415.0,611614.0,1604,la
1648,a31830,611614.0,612040.0,1605,Madonna
1649,a31831,612040.0,612080.0,1606,i
1650,a31832,612080.0,612630.0,1607,certosini
1651,a31833,612630.0,612859.0,1608,erano
1652,a31834,612859.0,613718.0,1609,molto
1653,a31835,613718.0,614870.0,1610,<eeh>
1654,a31836,614870.0,615120.0,1611,<inspiration>
1655,a31837,615120.0,615840.0,1612,devoti
1656,a31838,615840.0,616311.0,1613,<lp>
1657,a31839,616311.0,616568.0,1614,alla
1658,a31840,616568.0,616993.0,1615,figura
1659,a31841,616993.0,617600.0,1616,della
1660,,,,1616,<aa>
1661,a31842,617600.0,617843.0,1617,<inspiration>
1662,a31843,617843.0,618047.0,1618,della
1663,a31844,618047.0,618500.0,1619,Madonna
1664,a31845,618500.0,618630.0,1620,e
1665,a31846,618630.0,618780.0,1621,non
1666,a31847,618780.0,619220.0,1622,manca
1667,a31848,619220.0,619476.0,1623,proprio
1668,a31849,619476.0,619563.0,1624,la
1669,a31850,619563.0,619773.0,1625,prima
1670,a31851,619773.0,619809.0,1626,a
1671,a31852,619809.0,620410.0,1627,sinistra
1672,a31853,620410.0,620633.0,1628,<sp>
1673,a31854,620633.0,620860.0,1629,San
1674,a31855,620860.0,621305.0,1630,Gennaro
1675,a31856,621305.0,621652.0,1631,<inspiration>
1676,a31857,621652.0,621868.0,1632,che
1677,a31858,621868.0,622404.0,1633,ovviamente
1678,a31859,622404.0,622748.0,1634,essendo
1679,a31860,622748.0,622796.0,1635,il
1680,a31861,622796.0,623140.0,1636,nostro
1681,a31862,623140.0,623450.0,1637,santo
1682,a31863,623450.0,624070.0,1638,patrono
1683,a31864,624070.0,624390.0,1639,<inspiration>
1684,a31865,624390.0,624612.0,1640,non
1685,a31866,624612.0,625180.0,1641,manca
1686,a31867,625180.0,625330.0,1642,non
1687,a31868,625330.0,625740.0,1643,manca
1688,a31869,625740.0,626000.0,1644,mai
1689,a31870,626000.0,626238.0,1645,<inspiration>
1690,a31871,626238.0,626540.0,1646,potrei
1691,a31872,626540.0,626860.0,1647,farvi
1692,a31873,626860.0,627290.0,1648,tanti
1693,a31874,627290.0,627790.0,1649,nomi
1694,a31875,627790.0,627900.0,1650,<sp>
1695,a31876,627900.0,628061.0,1651,dei
1696,a31877,628061.0,628720.0,1652,pittori
1697,a31878,628720.0,628830.0,1653,che
1698,a31879,628830.0,629139.0,1654,sono
1699,a31880,629139.0,629808.0,1655,intervenuti
1700,a31881,629808.0,630260.0,1656,scelgo
1701,a31882,630260.0,630600.0,1657,proprio
1702,a31883,630600.0,631040.0,1658,uno/
1703,a31884,631040.0,631172.0,1659,ne
1704,a31885,631172.0,631238.0,1660,ho
1705,a31886,631238.0,631438.0,1661,<ehm>
1706,a31887,631438.0,631650.0,1662,uno
1707,a31888,631650.0,631750.0,1663,in
1708,a31889,631750.0,632450.0,1664,particolare
1709,a31890,632450.0,632820.0,1665,<inspiration>
1710,a31891,632820.0,633580.0,1666,l'autore
1711,a31892,633580.0,633870.0,1667,<sp>
1712,a31893,633870.0,634500.0,1668,diciamo
1713,,,,1668,<oo>
1714,a31894,634500.0,634990.0,1669,l'artista
1715,a31895,634990.0,635040.0,1670,che
1716,a31896,635040.0,635550.0,1671,interviene
1717,a31897,635550.0,635780.0,1672,nella
1718,a31898,635780.0,636220.0,1673,cappella
1719,a31899,636220.0,636310.0,1674,di
1720,a31900,636310.0,636520.0,1675,San
1721,a31901,636520.0,636950.0,1676,Gennaro
1722,a31902,636950.0,637039.0,1677,è
1723,a31903,637039.0,637640.0,1678,Battistello
1724,a31904,637640.0,638260.0,1679,Caracciolo
1725,a31905,638260.0,638644.0,1680,<inspiration>
1726,a31906,638644.0,638779.0,1681,che
1727,a31907,638779.0,638832.0,1682,è
1728,a31908,638832.0,639354.0,1683,stato
1729,a31909,639354.0,639666.0,1684,<inspiration>
1730,a31910,639666.0,641289.0,1685,<ehm>
1731,a31911,641289.0,641415.0,1686,<tongue-click>
1732,a31912,641415.0,641700.0,1687,questo
1733,a31913,641700.0,642314.0,1688,pittore
1734,a31914,642314.0,642420.0,1689,che
1735,a31915,642420.0,642633.0,1690,più
1736,a31916,642633.0,642734.0,1691,di
1737,a31917,642734.0,643250.0,1692,tutti
1738,a31918,643250.0,643390.0,1693,il
1739,a31919,643390.0,644210.0,1694,seguace
1740,a31920,644210.0,644890.0,1695,<inspiration>
1741,a31921,644890.0,645535.0,1696,l'allievo
1742,a31922,645535.0,645700.0,1697,non
1743,a31923,645700.0,646351.0,1698,ufficiale
1744,a31924,646351.0,646522.0,1699,<laugher>
1745,a31925,646522.0,646885.0,1700,<inspiration>
1746,a31926,646885.0,647127.0,1701,<eeh>
1747,a31927,647127.0,647260.0,1702,di
1748,a31928,647260.0,648084.0,1703,Caravaggio
1749,a31929,648084.0,648450.0,1704,a
1750,a31930,648450.0,648693.0,1705,<sp>
1751,a31931,648693.0,648781.0,1706,a
1752,a31932,648781.0,649380.0,1707,Napoli
1753,a31933,649380.0,649670.0,1708,<inspiration>
1754,a31934,649670.0,649930.0,1709,solo
1755,a31935,649930.0,650133.0,1710,che
1756,a31936,650133.0,650230.0,1711,a
1757,a31937,650230.0,650791.0,1712,differenza
1758,a31938,650791.0,650880.0,1713,di
1759,a31939,650880.0,651440.0,1714,Caravaggio
1760,a31940,651440.0,651470.0,1715,in
1761,a31941,651470.0,651760.0,1716,questo
1762,a31942,651760.0,652050.0,1717,caso
1763,a31943,652050.0,652200.0,1718,lui
1764,a31944,652200.0,652350.0,1719,lo
1765,a31945,652350.0,652460.0,1720,lo
1766,a31946,652460.0,652780.0,1721,vediamo
1767,a31947,652780.0,653190.0,1722,lavorare
1768,a31948,653190.0,653420.0,1723,anche
1769,a31949,653420.0,653510.0,1724,in
1770,a31950,653510.0,654070.0,1725,affresco
1771,a31951,654070.0,654360.0,1726,cosa
1772,a31952,654360.0,654576.0,1727,che
1773,a31953,654576.0,654770.0,1728,per
1774,a31954,654770.0,655088.0,1729,quanto
1775,a31955,655088.0,655159.0,1730,ne
1776,a31956,655159.0,655640.0,1731,sappiamo
1777,a31957,655640.0,656070.0,1732,insomma
1778,a31958,656070.0,656627.0,1733,<inspiration>
1779,a31959,656627.0,657340.0,1734,Caravaggio
1780,a31960,657340.0,657516.0,1735,non
1781,a31961,657516.0,658111.0,1736,utilizzò
1782,a31962,658111.0,658385.0,1737,<inspiration>
1783,a31963,658385.0,659000.0,1738,mai
1784,a31964,659000.0,659548.0,1739,<lp>
1785,a31965,659548.0,659750.0,1740,<tongue-click>
1786,a31966,659750.0,659950.0,1741,quella
1787,a31967,659950.0,660557.0,1742,tecnica
1788,a31968,660557.0,660910.0,1743,almeno
1789,a31969,660910.0,661070.0,1744,per
1790,a31970,661070.0,661380.0,1745,quanto
1791,a31971,661380.0,661475.0,1746,ne
1792,a31972,661475.0,662240.0,1747,sappiamo
1793,a31973,662240.0,662525.0,1748,<inspiration>
1794,a31974,662525.0,664142.0,1749,<ehm>
1795,a31975,664142.0,664463.0,1750,<inspiration>
1796,a31976,664463.0,664551.0,1751,<tongue-click>
1797,a31977,664551.0,664680.0,1752,ad
1798,a31978,664680.0,665140.0,1753,oggi
1799,a31979,665140.0,665370.0,1754,per
1800,a31980,665370.0,665776.0,1755,come
1801,a31981,665776.0,666059.0,1756,è
1802,a31982,666059.0,666244.0,1757,la
1803,a31983,666244.0,666767.0,1758,situazione
1804,a31984,666767.0,666910.0,1759,degli
1805,a31985,666910.0,667528.0,1760,studi
1806,a31986,667528.0,668063.0,1761,<inspiration>
1807,a31987,668063.0,668371.0,1762,<eeh>
1808,a31988,668371.0,668510.0,1763,vi
1809,a31989,668510.0,669090.0,1764,segnalo
1810,a31990,669090.0,669540.0,1765,inoltre
1811,a31991,669540.0,670180.0,1766,anche
1812,a31992,670180.0,670770.0,1767,<lp>
1813,a31993,670770.0,670868.0,1768,la
1814,a31994,670868.0,671790.0,1769,balaustrata
1815,a31995,671790.0,672383.0,1770,prima
1816,a31996,672383.0,673310.0,1771,dell'altare
1817,a31997,673310.0,673893.0,1772,dove
1818,a31998,673893.0,674048.0,1773,ci
1819,a31999,674048.0,674220.0,1774,sono
1820,a32000,674220.0,674500.0,1775,anche
1821,a32001,674500.0,674749.0,1776,degli
1822,a32002,674749.0,675510.0,1777,inserti
1823,a32003,675510.0,675960.0,1778,<lp>
1824,a32004,675960.0,676180.0,1779,in
1825,a32005,676180.0,676750.0,1780,pietre
1826,a32006,676750.0,677040.0,1781,<inspiration>
1827,a32007,677040.0,677400.0,1782,molto
1828,a32008,677400.0,677970.0,1783,pregiate
1829,a32009,677970.0,678300.0,1784,come
1830,a32010,678300.0,678358.0,1785,il
1831,a32011,678358.0,679240.0,1786,lapislazzulo
1832,a32012,679240.0,679810.0,1787,<inspiration>
1833,a32013,679810.0,679987.0,1788,<sp>
1834,a32014,679987.0,680224.0,1789,e
1835,a32015,680224.0,680482.0,1790,<sp>
1836,a32016,680482.0,680758.0,1791,alle
1837,a32017,680758.0,681490.0,1792,spalle
1838,a32018,681490.0,681959.0,1793,<lp>
1839,a32019,681959.0,682030.0,1794,<tongue-click>
1840,a32020,682030.0,682700.0,1795,l'altare
1841,a32021,682700.0,683350.0,1796,<lp>
1842,a32022,683350.0,683670.0,1797,che
1843,a32023,683670.0,684080.0,1798,<sp>
1844,a32024,684080.0,684360.0,1799,oddio
1845,a32025,684360.0,684420.0,1800,a
1846,a32026,684420.0,684990.0,1801,distanza
1847,a32027,684990.0,685100.0,1802,non
1848,a32028,685100.0,685200.0,1803,so
1849,a32029,685200.0,685332.0,1804,se
1850,a32030,685332.0,685477.0,1805,vi
1851,a32031,685477.0,685819.0,1806,rendete
1852,a32032,685819.0,686114.0,1807,conto
1853,a32033,686114.0,686220.0,1808,di
1854,a32034,686220.0,686310.0,1809,che
1855,a32035,686310.0,687250.0,1810,materiali
1856,a32036,687250.0,687764.0,1811,<eeh>
1857,a32037,687764.0,687880.0,1812,è
1858,a32038,687880.0,688600.0,1813,fatto
1859,a32039,688600.0,688886.0,1814,<breath>
1860,a32040,688886.0,689519.0,1815,<inspiration>
1861,a32041,689519.0,691080.0,1816,<lp>
1862,a32042,691080.0,691700.0,1817,difficile
1863,a32043,691700.0,692530.0,1818,<breath>
1864,a32044,692530.0,693220.0,1819,<inspiration>
1865,a32045,693220.0,693610.0,1820,<tongue-click>
1866,a32046,693610.0,693688.0,1821,in
1867,a32047,693688.0,694289.0,1822,realtà
1868,a32048,694289.0,694685.0,1823,<eeh>
1869,a32049,694685.0,695120.0,1824,per
1870,a32050,695120.0,695630.0,1825,capire
1871,a32051,695630.0,696600.0,1826,veramente
1872,a32052,696600.0,696923.0,1827,<inspiration>
1873,a32053,696923.0,697050.0,1828,di
1874,a32054,697050.0,697226.0,1829,cosa
1875,a32055,697226.0,697284.0,1830,è
1876,a32056,697284.0,697610.0,1831,fatto
1877,a32057,697610.0,698153.0,1832,quest'altare
1878,a32058,698153.0,698530.0,1833,bisogna
1879,a32059,698530.0,699140.0,1834,avvicinarsi
1880,a32060,699140.0,699880.0,1835,moltissimo
1881,a32061,699880.0,700357.0,1836,<inspiration>
1882,a32062,700357.0,700590.0,1837,<sp>
1883,a32063,700590.0,700860.0,1838,perché
1884,a32064,700860.0,700910.0,1839,in
1885,a32065,700910.0,701050.0,1840,una
1886,a32066,701050.0,701360.0,1841,chiesa
1887,a32067,701360.0,701614.0,1842,ricca
1888,a32068,701614.0,701810.0,1843,come
1889,a32069,701810.0,702080.0,1844,questa
1890,a32070,702080.0,702150.0,1845,ci
1891,a32071,702150.0,702770.0,1846,aspetteremmo
1892,a32072,702770.0,703170.0,1847,appunto
1893,a32073,703170.0,703257.0,1848,di
1894,a32074,703257.0,703550.0,1849,vedere
1895,a32075,703550.0,703660.0,1850,un
1896,a32076,703660.0,704310.0,1851,altare
1897,a32077,704310.0,705070.0,1852,<inspiration>
1898,a32078,705070.0,705499.0,1853,<eeh>
1899,a32079,705499.0,706170.0,1854,decorato
1900,a32080,706170.0,706343.0,1855,per
1901,a32081,706343.0,706950.0,1856,l'appunto
1902,a32082,706950.0,707341.0,1857,con
1903,a32083,707341.0,707439.0,1858,le
1904,a32084,707439.0,707940.0,1859,stesse
1905,a32085,707940.0,708300.0,1860,pietre
1906,a32086,708300.0,709116.0,1861,pregiate
1907,a32087,709116.0,709216.0,1862,che
1908,a32088,709216.0,709520.0,1863,abbiamo
1909,a32089,709520.0,709800.0,1864,visto
1910,a32090,709800.0,710170.0,1865,prima
1911,a32091,710170.0,710420.0,1866,<inspiration>
1912,a32092,710420.0,710516.0,1867,in
1913,a32093,710516.0,710910.0,1868,realtà
1914,a32094,710910.0,711130.0,1869,<sp>
1915,a32095,711130.0,711528.0,1870,l'altare
1916,a32096,711528.0,711638.0,1871,di
1917,a32097,711638.0,712000.0,1872,legno
1918,a32098,712000.0,712330.0,1873,<breath>
1919,a32099,712330.0,712658.0,1874,<laughter>
1920,a32100,712658.0,713008.0,1875,<inspiration>
1921,a32101,713008.0,713238.0,1876,quindi
1922,a32102,713238.0,713270.0,1877,è
1923,a32103,713270.0,713661.0,1878,stato
1924,a32104,713661.0,714310.0,1879,disegnato
1925,a32105,714310.0,714624.0,1880,sì
1926,a32106,714624.0,714880.0,1881,da
1927,a32107,714880.0,715140.0,1882,uno
1928,a32108,715140.0,715247.0,1883,dei
1929,a32109,715247.0,715417.0,1884,più
1930,a32110,715417.0,715880.0,1885,grandi
1931,a32111,715880.0,716560.0,1886,pittori
1932,a32112,716560.0,716590.0,1887,e
1933,a32113,716590.0,717442.0,1888,architetti
1934,a32114,717442.0,717550.0,1889,a
1935,a32115,717550.0,717930.0,1890,cavallo
1936,a32116,717930.0,718005.0,1891,tra
1937,a32117,718005.0,718080.0,1892,il
1938,a32118,718080.0,718490.0,1893,Seicento
1939,a32119,718490.0,718511.0,1894,e
1940,a32120,718511.0,718529.0,1895,il
1941,a32121,718529.0,719180.0,1896,Settecento
1942,a32122,719180.0,719840.0,1897,Solimena
1943,a32123,719840.0,720316.0,1898,<sp>
1944,a32124,720316.0,721025.0,1899,<inspiration>
1945,a32125,721025.0,721390.0,1900,<sp>
1946,a32126,721390.0,721640.0,1901,ma
1947,a32127,721640.0,721820.0,1902,<sp>
1948,a32128,721820.0,721940.0,1903,è
1949,a32129,721940.0,722463.0,1904,rimasto
1950,a32130,722463.0,723371.0,1905,appunto
1951,,,,1905,<oo>
1952,a32131,723371.0,724620.0,1906,<ehm>
1953,a32132,724620.0,724928.0,1907,<breath>
1954,a32133,724928.0,725100.0,1908,un
1955,a32134,725100.0,725883.0,1909,altare
1956,a32135,725883.0,726270.0,1910,di
1957,a32136,726270.0,726340.0,1911,un
1958,a32137,726340.0,726873.0,1912,materiale
1959,a32138,726873.0,727210.0,1913,molto
1960,a32139,727210.0,727411.0,1914,meno
1961,a32140,727411.0,727815.0,1915,nobile
1962,a32141,727815.0,728030.0,1916,cioè
1963,a32142,728030.0,728170.0,1917,il
1964,a32143,728170.0,728668.0,1918,legno
1965,a32144,728668.0,729520.0,1919,anche
1966,a32145,729520.0,730100.0,1920,<vocal>
1967,a32146,730100.0,730210.0,1921,gli
1968,a32147,730210.0,730810.0,1922,angeli
1969,a32148,730810.0,730930.0,1923,che
1970,a32149,730930.0,731410.0,1924,vedete
1971,a32150,731410.0,731610.0,1925,ai
1972,a32151,731610.0,732120.0,1926,lati
1973,a32152,732120.0,733110.0,1927,dell'altare
1974,a32153,733110.0,733670.0,1928,<inspiration>
1975,a32154,733670.0,733850.0,1929,sono
1976,a32155,733850.0,734003.0,1930,lì
1977,a32156,734003.0,734130.0,1931,per
1978,a32157,734130.0,735134.0,1932,ingannarci
1979,a32158,735134.0,735289.0,1933,<sp>
1980,a32159,735289.0,735600.0,1934,perché
1981,a32160,735600.0,735770.0,1935,con
1982,a32161,735770.0,736130.0,1936,questo
1983,a32162,736130.0,736725.0,1937,colore
1984,a32163,736725.0,737710.0,1938,argenteo
1985,a32164,737710.0,738300.0,1939,appunto
1986,a32165,738300.0,739180.0,1940,simulano
1987,a32166,739180.0,739380.0,1941,<sp>
1988,a32167,739380.0,739470.0,1942,un
1989,a32168,739470.0,740170.0,1943,metallo
1990,a32169,740170.0,740382.0,1944,<breath
1991,a32170,740382.0,740910.0,1945,<inspiration>
1992,a32171,740910.0,741160.0,1946,ma
1993,a32172,741160.0,741327.0,1947,in
1994,a32173,741327.0,741861.0,1948,realtà
1995,a32174,741861.0,742130.0,1949,sono
1996,a32175,742130.0,742396.0,1950,fatti
1997,a32176,742396.0,742490.0,1951,di
1998,a32177,742490.0,743190.0,1952,cartapesta
1999,a32178,743190.0,743503.0,1953,<sp>
2000,a32179,743503.0,743720.0,1954,quindi
2001,a32180,743720.0,744070.0,1955,ancora
2002,a32181,744070.0,744140.0,1956,in
2003,a32182,744140.0,744510.0,1957,questo
2004,a32183,744510.0,745052.0,1958,caso
2005,a32184,745052.0,745285.0,1959,<sp>
2006,a32185,745285.0,745750.0,1960,<laughter>
2007,a32186,745750.0,745880.0,1961,in
2008,a32187,745880.0,746341.0,1962,verità
2009,a32188,746341.0,746793.0,1963,<inspiration>
2010,a32189,746793.0,747020.0,1964,<eeh>
2011,a32190,747020.0,747300.0,1965,stiamo
2012,a32191,747300.0,747666.0,1966,parlando
2013,a32192,747666.0,747730.0,1967,di
2014,a32193,747730.0,747795.0,1968,un
2015,a32194,747795.0,748259.0,1969,materiale
2016,a32195,748259.0,748600.0,1970,molto
2017,a32196,748600.0,748980.0,1971,povero
2018,a32197,748980.0,749420.0,1972,<inspiration>
2019,a32198,749420.0,749540.0,1973,mi
2020,a32199,749540.0,749920.0,1974,piace
2021,a32200,749920.0,750490.0,1975,ricordarvi
2022,a32201,750490.0,750739.0,1976,anche
2023,a32202,750739.0,750870.0,1977,il
2024,a32203,750870.0,751240.0,1978,nome
2025,a32204,751240.0,751340.0,1979,di
2026,a32205,751340.0,752310.0,1980,questo/
2027,,,,1980,<oo>
2028,,,,1980,/
2029,a32206,752310.0,753060.0,1981,dell'autore
2030,a32207,753060.0,753243.0,1982,di
2031,a32208,753243.0,753610.0,1983,questi
2032,a32209,753610.0,754190.0,1984,angeli
2033,a32210,754190.0,754820.0,1985,perché
2034,a32211,754820.0,755700.0,1986,<ehm>
2035,a32212,755700.0,756033.0,1987,<inspiration>
2036,a32213,756033.0,756165.0,1988,è
2037,a32214,756165.0,756290.0,1989,uno
2038,a32215,756290.0,757276.0,1990,scultore
2039,a32216,757276.0,757650.0,1991,<inspiration>
2040,a32217,757650.0,758031.0,1992,molto
2041,a32218,758031.0,758300.0,1993,noto
2042,a32219,758300.0,758930.0,1994,soprattutto
2043,a32220,758930.0,758980.0,1995,ai
2044,a32221,758980.0,759740.0,1996,napoletani
2045,a32222,759740.0,760688.0,1997,<lp>
2046,a32223,760688.0,760840.0,1998,<tongue-click>
2047,a32224,760840.0,761067.0,1999,è
2048,a32225,761067.0,761480.0,2000,Giuseppe
2049,a32226,761480.0,762260.0,2001,Sammartino
2050,a32227,762260.0,762840.0,2002,<lp>
2051,a32228,762840.0,762995.0,2003,che
2052,a32229,762995.0,763100.0,2004,è
2053,a32230,763100.0,763560.0,2005,colui
2054,a32231,763560.0,763670.0,2006,che
2055,a32232,763670.0,763745.0,2007,ha
2056,a32233,763745.0,764560.0,2008,realizzato
2057,a32234,764560.0,764610.0,2009,il
2058,a32235,764610.0,765340.0,2010,famosissimo
2059,a32236,765340.0,765680.0,2011,Cristo
2060,a32237,765680.0,766310.0,2012,velato
2061,a32238,766310.0,766460.0,2013,<sp>
2062,a32239,766460.0,767220.0,2014,all'interno
2063,a32240,767220.0,767260.0,2015,che
2064,a32241,767260.0,767410.0,2016,si
2065,a32242,767410.0,767526.0,2017,può
2066,a32243,767526.0,767800.0,2018,vedere
2067,a32244,767800.0,768110.0,2019,ancora
2068,a32245,768110.0,768410.0,2020,oggi
2069,a32246,768410.0,768910.0,2021,all'interno
2070,a32247,768910.0,769120.0,2022,della
2071,a32248,769120.0,769500.0,2023,Cappella
2072,a32249,769500.0,769953.0,2024,Sansevera
2073,a32250,769953.0,770292.0,2025,<inspiration>
2074,a32251,770292.0,770355.0,2026,a
2075,a32252,770355.0,770790.0,2027,Sansevero
2076,a32253,770790.0,771070.0,2028,perché
2077,a32254,771070.0,771510.0,2029,molti
2078,a32255,771510.0,771780.0,2030,anche
2079,a32256,771780.0,771830.0,2031,a
2080,a32257,771830.0,772333.0,2032,Napoli
2081,a32258,772333.0,772810.0,2033,pensano
2082,a32259,772810.0,773070.0,2034,che
2083,a32260,773070.0,773830.0,2035,<lp>
2084,a32261,773830.0,774400.0,2036,Sammartino
2085,a32262,774400.0,774620.0,2037,abbia
2086,a32263,774620.0,774930.0,2038,fatto
2087,a32264,774930.0,775190.0,2039,solo
2088,a32265,775190.0,775270.0,2040,il
2089,a32266,775270.0,775620.0,2041,Cristo
2090,a32267,775620.0,776230.0,2042,velato
2091,a32268,776230.0,776300.0,2043,e
2092,a32269,776300.0,776437.0,2044,poi
2093,a32270,776437.0,776490.0,2045,a
2094,a32271,776490.0,776530.0,2046,un
2095,a32272,776530.0,776769.0,2047,certo
2096,a32273,776769.0,776975.0,2048,punto
2097,a32274,776975.0,777230.0,2049,sia
2098,a32275,777230.0,777682.0,2050,<inspiration>
2099,a32276,777682.0,778687.0,2051,svanito
2100,a32277,778687.0,779151.0,2052,<eeh>
2101,a32278,779151.0,779400.0,2053,nel
2102,a32279,779400.0,780050.0,2054,nulla
2103,a32280,780050.0,780160.0,2055,in
2104,a32281,780160.0,780596.0,2056,realtà
2105,a32282,780596.0,780680.0,2057,è
2106,a32283,780680.0,780920.0,2058,stato
2107,a32284,780920.0,781400.0,2059,appunto
2108,a32285,781400.0,781470.0,2060,il
2109,a32286,781470.0,781620.0,2061,più
2110,a32287,781620.0,781950.0,2062,grande
2111,a32288,781950.0,782460.0,2063,scultore
2112,a32289,782460.0,783050.0,2064,napoletano
2113,a32290,783050.0,783400.0,2065,<inspiration>
2114,a32291,783400.0,783500.0,2066,di
2115,a32292,783500.0,783980.0,2067,quel
2116,a32293,783980.0,784190.0,2068,<sp>
2117,a32294,784190.0,784340.0,2069,di
2118,a32295,784340.0,784490.0,2070,quel
2119,a32296,784490.0,784919.0,2071,periodo
2120,a32297,784919.0,785182.0,2072,<inspiration>
2121,a32298,785182.0,785328.0,2073,più
2122,a32299,785328.0,785850.0,2074,tardi
2123,a32300,785850.0,786230.0,2075,durante
2124,a32301,786230.0,786302.0,2076,la
2125,a32302,786302.0,786690.0,2077,nostra
2126,a32303,786690.0,787116.0,2078,visita
2127,a32304,787116.0,787451.0,2079,avremo
2128,a32305,787451.0,787753.0,2080,modo
2129,a32306,787753.0,787880.0,2081,di
2130,a32307,787880.0,788450.0,2082,vedere
2131,a32308,788450.0,788780.0,2083,<sp>
2132,a32309,788780.0,789107.0,2084,quello
2133,a32310,789107.0,789230.0,2085,che
2134,a32311,789230.0,789518.0,2086,c'è
2135,a32312,789518.0,789695.0,2087,alle
2136,a32313,789695.0,790340.0,2088,spalle
2137,a32314,790340.0,790620.0,2089,<lp>
2138,a32315,790620.0,791160.0,2090,dell'altare
