,Begin Time,Duration,End Time,Nr,ORT
0,644.0,386.0,1030.0,1,Buongiorno
1,1030.0,50.0,1080.0,2,a
2,1080.0,670.0,1544.0,3,tutti
3,1544.0,206.0,1750.0,3,<ii>
4,1750.0,810.0,2560.0,4,ragazzi
5,2560.0,110.0,2670.0,5,<sp>
6,2670.0,340.0,2839.0,6,io
7,2839.0,171.0,3010.0,6,<oo>
8,3010.0,240.0,3250.0,7,sono
9,3250.0,480.0,3730.0,8,Camilla
10,3730.0,630.0,4360.0,9,<sp>
11,4360.0,540.0,4635.0,10,sono
12,4635.0,265.0,4900.0,10,<oo>
13,4900.0,120.0,5020.0,11,la
14,5020.0,430.0,5450.0,12,storica
15,5450.0,700.0,6150.0,13,dell'arte
16,6150.0,269.0,6419.0,14,che
17,6419.0,331.0,6750.0,15,questa
18,6750.0,480.0,7230.0,16,mattina
19,7230.0,58.0,7288.0,17,vi
20,7288.0,916.0,8204.0,18,accompagnerà
21,8204.0,794.0,8998.0,19,attraverso
22,8998.0,112.0,9110.0,20,gli
23,9110.0,495.0,9605.0,21,ambienti
24,9605.0,213.0,9818.0,22,della
25,9818.0,972.0,10408.0,23,Certosa
26,10408.0,382.0,10790.0,23,<aa>
27,10790.0,95.0,10885.0,24,di
28,10885.0,155.0,11040.0,25,San
29,11040.0,469.0,11509.0,26,Martino
30,11509.0,455.0,11964.0,27,<inspiration>
31,11964.0,136.0,12100.0,28,Voi
32,12100.0,120.0,12220.0,29,la
33,12220.0,440.0,12660.0,30,conoscete
34,12660.0,320.0,12980.0,31,già
35,12980.0,2145.0,15125.0,32,<INT>
36,15125.0,355.0,15480.0,33,si
37,15480.0,170.0,15650.0,34,<INT>
38,15650.0,113.0,15763.0,35,più
39,15763.0,67.0,15830.0,36,o
40,15830.0,535.0,16365.0,37,meno
41,16365.0,445.0,16810.0,38,okay
42,16810.0,342.0,17152.0,39,<inspiration>
43,17152.0,418.0,17570.0,40,perchè
44,17570.0,35.0,17605.0,41,<sp>
45,17605.0,375.0,17980.0,42,spesso
46,17980.0,30.0,18010.0,43,e
47,18010.0,140.0,18150.0,44,vol+
48,18150.0,104.0,18254.0,45,<eeh>
49,18254.0,219.0,18473.0,46,/siete
50,18473.0,187.0,18660.0,47,tutti
51,18660.0,610.0,19270.0,48,napoletani
52,19270.0,1027.0,20297.0,49,<INT>
53,20297.0,439.0,20736.0,50,Okay
54,20736.0,159.0,20895.0,51,<unclear>
55,20895.0,337.0,21232.0,52,okay
56,21232.0,278.0,21510.0,53,perché
57,21510.0,758.0,22268.0,54,solitamente
58,22268.0,602.0,22870.0,55,succede
59,22870.0,310.0,23180.0,56,<inspiration>
60,23180.0,462.0,23353.0,57,che
61,23353.0,289.0,23642.0,57,<ee>
62,23642.0,278.0,23920.0,58,anche
63,23920.0,149.0,24069.0,59,per
64,24069.0,85.0,24154.0,60,i
65,24154.0,816.0,24783.0,61,ragazzi
66,24783.0,187.0,24970.0,61,<ii>
67,24970.0,950.0,25920.0,62,napoletani
68,25920.0,370.0,26290.0,63,spesso
69,26290.0,35.0,26325.0,64,è
70,26325.0,54.0,26379.0,65,il
71,26379.0,361.0,26740.0,66,tipico
72,26740.0,360.0,27100.0,67,posto
73,27100.0,190.0,27290.0,68,dove
74,27290.0,80.0,27370.0,69,ti
75,27370.0,450.0,27820.0,70,portano
76,27820.0,162.0,27982.0,71,con
77,27982.0,68.0,28050.0,72,le
78,28050.0,720.0,28770.0,73,scuole
79,28770.0,429.0,29199.0,74,<inspiration>
80,29199.0,185.0,29384.0,75,e
81,29384.0,66.0,29450.0,76,a
82,29450.0,390.0,29840.0,77,volte
83,29840.0,800.0,30640.0,78,succede
84,30640.0,750.0,31390.0,79,succede
85,31390.0,280.0,31670.0,80,<inspiration>
86,31670.0,350.0,31823.0,81,di
87,31823.0,197.0,32020.0,81,<ii>
88,32020.0,210.0,32230.0,82,non
89,32230.0,930.0,33160.0,83,tornarci
90,33160.0,160.0,33320.0,84,non
91,33320.0,180.0,33500.0,85,dico
92,33500.0,200.0,33700.0,86,mai
93,33700.0,391.0,34091.0,87,più
94,34091.0,115.0,34206.0,88,da
95,34206.0,554.0,34760.0,89,adulti
96,34760.0,378.0,35138.0,90,però
97,35138.0,542.0,35680.0,91,insomma
98,35680.0,161.0,35841.0,92,con
99,35841.0,199.0,36040.0,93,non
100,36040.0,731.0,36542.0,94,tanta
101,36542.0,229.0,36771.0,94,<aa>
102,36771.0,669.0,37440.0,95,attenzione
103,37440.0,271.0,37711.0,96,allora
104,37711.0,309.0,38020.0,97,oggi
105,38020.0,90.0,38110.0,98,è
106,38110.0,852.0,38962.0,99,l'occasione
107,38962.0,388.0,39350.0,100,<inspiration>
108,39350.0,614.0,39964.0,101,<eeh>
109,39964.0,133.0,40097.0,102,per
110,40097.0,613.0,40710.0,103,rivedere
111,40710.0,640.0,41350.0,104,insieme
112,41350.0,230.0,41580.0,105,delle
113,41580.0,320.0,41900.0,106,cose
114,41900.0,72.0,41972.0,107,che
115,41972.0,418.0,42390.0,108,magari
116,42390.0,870.0,43260.0,109,conoscete
117,43260.0,310.0,43388.0,110,o
118,43388.0,182.0,43570.0,110,<oo>
119,43570.0,200.0,43770.0,111,dove
120,43770.0,250.0,44020.0,112,siete
121,44020.0,360.0,44380.0,113,stati
122,44380.0,120.0,44500.0,114,un
123,44500.0,470.0,44970.0,115,po'<oo>
124,44970.0,150.0,45120.0,116,un
125,45120.0,130.0,45250.0,117,po'
126,45250.0,110.0,45360.0,118,di
127,45360.0,330.0,45690.0,119,tempo
128,45690.0,190.0,45880.0,120,fa
129,45880.0,610.0,46490.0,121,<inspiration>
130,46490.0,370.0,46698.0,122,la
131,46698.0,162.0,46860.0,122,<aa>
132,46860.0,470.0,47330.0,123,Certosa
133,47330.0,110.0,47440.0,124,di
134,47440.0,210.0,47650.0,125,San
135,47650.0,810.0,48460.0,126,Martino
136,48460.0,200.0,48660.0,127,qui
137,48660.0,80.0,48740.0,128,a
138,48740.0,679.0,49295.0,129,Napoli
139,49295.0,124.0,49419.0,129,<ii>
140,49419.0,1061.0,50480.0,130,<ehm>
141,50480.0,501.0,50981.0,131,<breath>
142,50981.0,133.0,51114.0,132,ha
143,51114.0,758.0,51872.0,133,almeno
144,51872.0,288.0,52160.0,134,due
145,52160.0,550.0,52710.0,135,anime
146,52710.0,1094.0,53804.0,136,<sp>
147,53804.0,400.0,54204.0,137,<eeh>
148,54204.0,590.0,54541.0,138,una
149,54541.0,253.0,54794.0,138,<aa>
150,54794.0,1292.0,56086.0,139,<ehm>
151,56086.0,822.0,56908.0,140,racconta
152,56908.0,152.0,57060.0,141,la
153,57060.0,740.0,57800.0,142,storia
154,57800.0,130.0,57930.0,143,dei
155,57930.0,740.0,58670.0,144,certosini
156,58670.0,823.0,59493.0,145,<sp>
157,59493.0,71.0,59564.0,146,e
158,59564.0,896.0,60193.0,147,quindi
159,60193.0,267.0,60460.0,147,<ii>
160,60460.0,400.0,60860.0,148,<breath>
161,60860.0,299.0,61159.0,149,<eeh>
162,61159.0,280.0,61439.0,150,questa
163,61439.0,321.0,61760.0,151,storia
164,61760.0,150.0,61910.0,152,si
165,61910.0,378.0,62288.0,153,snoda
166,62288.0,562.0,62850.0,154,attraverso
167,62850.0,270.0,63120.0,155,quelli
168,63120.0,70.0,63190.0,156,che
169,63190.0,230.0,63420.0,157,erano
170,63420.0,130.0,63550.0,158,gli
171,63550.0,540.0,64090.0,159,ambienti
172,64090.0,128.0,64218.0,160,che
173,64218.0,352.0,64570.0,161,questi
174,64570.0,520.0,65090.0,162,monaci
175,65090.0,120.0,65210.0,163,<sp>
176,65210.0,600.0,65810.0,164,abitavano
177,65810.0,791.0,66601.0,165,<sp>
178,66601.0,130.0,66731.0,166,<tongue-click>
179,66731.0,269.0,67000.0,167,però
180,67000.0,159.0,67159.0,168,poi
181,67159.0,36.0,67195.0,169,in
182,67195.0,470.0,67665.0,170,realtà
183,67665.0,215.0,67880.0,171,come
184,67880.0,580.0,68186.0,172,dice
185,68186.0,274.0,68460.0,172,<ee>
186,68460.0,300.0,68632.0,173,la
187,68632.0,128.0,68760.0,173,<aa>
188,68760.0,120.0,68880.0,174,la
189,68880.0,460.0,69340.0,175,dicitura
190,69340.0,440.0,69780.0,176,stessa
191,69780.0,150.0,69930.0,177,del
192,69930.0,370.0,70300.0,178,museo
193,70300.0,700.0,71000.0,179,oggiggiorno
194,71000.0,125.0,71125.0,180,non
195,71125.0,59.0,71184.0,181,è
196,71184.0,306.0,71490.0,182,solo
197,71490.0,530.0,72020.0,183,Certosa
198,72020.0,140.0,72160.0,184,ma
199,72160.0,90.0,72250.0,185,è
200,72250.0,230.0,72480.0,186,anche
201,72480.0,300.0,72780.0,187,Museo
202,72780.0,700.0,73480.0,188,nazionale
203,73480.0,640.0,74120.0,189,<inspiration>
204,74120.0,440.0,74560.0,190,Significa
205,74560.0,100.0,74660.0,191,che
206,74660.0,370.0,75030.0,192,questo
207,75030.0,471.0,75501.0,193,luogo
208,75501.0,183.0,75684.0,194,<sp>
209,75684.0,37.0,75721.0,195,in
210,75721.0,609.0,76330.0,196,realtà
211,76330.0,53.0,76383.0,197,a
212,76383.0,497.0,76880.0,198,partire
213,76880.0,187.0,77067.0,199,dagli
214,77067.0,224.0,77291.0,200,anni
215,77291.0,497.0,77788.0,201,sessanta
216,77788.0,129.0,77917.0,202,del
217,77917.0,848.0,78765.0,203,milleottocento
218,78765.0,45.0,78810.0,204,è
219,78810.0,444.0,79254.0,205,diventato
220,79254.0,246.0,79500.0,206,anche
221,79500.0,520.0,80020.0,207,museo
222,80020.0,429.0,80449.0,208,<sp>
223,80449.0,491.0,80940.0,209,<breath>
224,80940.0,261.0,81201.0,210,e
225,81201.0,95.0,81296.0,211,<sp>
226,81296.0,293.0,81589.0,212,<eeh>
227,81589.0,889.0,82478.0,213,all'epoca
228,82478.0,126.0,82604.0,214,<sp>
229,82604.0,436.0,83040.0,215,<eeh>
230,83040.0,160.0,83200.0,216,si
231,83200.0,540.0,83740.0,217,scelse
232,83740.0,40.0,83780.0,218,il
233,83780.0,305.0,84085.0,219,Museo
234,84085.0,85.0,84170.0,220,di
235,84170.0,200.0,84370.0,221,San
236,84370.0,490.0,84860.0,222,Martino
237,84860.0,330.0,85190.0,223,come
238,85190.0,172.0,85362.0,224,non
239,85362.0,68.0,85430.0,225,un
240,85430.0,320.0,85750.0,226,museo
241,85750.0,680.0,86430.0,227,qualunque
242,86430.0,330.0,86760.0,228,<breath>
243,86760.0,280.0,87040.0,229,ma
244,87040.0,260.0,87300.0,230,come
245,87300.0,170.0,87470.0,231,un
246,87470.0,430.0,87900.0,232,luogo
247,87900.0,267.0,88167.0,233,che
248,88167.0,111.0,88278.0,234,<sp>
249,88278.0,299.0,88577.0,235,<eeh>
250,88577.0,870.0,89200.0,236,doveva
251,89200.0,247.0,89447.0,236,<aa>
252,89447.0,215.0,89662.0,237,<sp>
253,89662.0,131.0,89793.0,238,<eeh>
254,89793.0,747.0,90540.0,239,diventare
255,90540.0,100.0,90640.0,240,di
256,90640.0,470.0,91110.0,241,fatto
257,91110.0,70.0,91180.0,242,il
258,91180.0,410.0,91590.0,243,Museo
259,91590.0,470.0,92060.0,244,civico
260,92060.0,90.0,92150.0,245,di
261,92150.0,420.0,92570.0,246,Napoli
262,92570.0,564.0,93134.0,247,<sp>
263,93134.0,523.0,93657.0,248,<inspiration>
264,93657.0,643.0,94090.0,249,quindi
265,94090.0,210.0,94300.0,249,<ii>
266,94300.0,260.0,94560.0,250,ecco
267,94560.0,680.0,95240.0,251,spiegate
268,95240.0,210.0,95450.0,252,delle
269,95450.0,660.0,96110.0,253,sezioni
270,96110.0,830.0,96940.0,254,speciali
271,96940.0,740.0,97680.0,255,dedicate
272,97680.0,170.0,97850.0,256,ad
273,97850.0,650.0,98360.0,257,alcune
274,98360.0,140.0,98500.0,257,<ee>
275,98500.0,630.0,99130.0,258,glorie
276,99130.0,604.0,99734.0,259,<sp>
277,99734.0,228.0,99962.0,260,<mhh>
278,99962.0,198.0,100160.0,261,della
279,100160.0,540.0,100700.0,262,tradizione
280,100700.0,740.0,101440.0,263,napoletana
281,101440.0,410.0,101850.0,264,<inspiration>
282,101850.0,170.0,102020.0,265,Si
283,102020.0,450.0,102470.0,266,pensi
284,102470.0,150.0,102620.0,267,per
285,102620.0,892.0,103262.0,268,esempio
286,103262.0,250.0,103512.0,268,<oo>
287,103512.0,148.0,103660.0,269,alla
288,103660.0,530.0,104190.0,270,sezione
289,104190.0,630.0,104820.0,271,presepiale
290,104820.0,178.0,104998.0,272,<sp>
291,104998.0,312.0,105310.0,273,dove
292,105310.0,450.0,105760.0,274,appunto
293,105760.0,250.0,106010.0,275,sono
294,106010.0,710.0,106720.0,276,custodite
295,106720.0,360.0,107080.0,277,<breath>
296,107080.0,940.0,107567.0,278,alcuni
297,107567.0,453.0,108020.0,278,<ii>
298,108020.0,203.0,108223.0,279,<eeh>
299,108223.0,527.0,108477.0,280,dei
300,108477.0,273.0,108750.0,280,<ii>
301,108750.0,200.0,108950.0,281,degli
302,108950.0,750.0,109700.0,282,esempi
303,109700.0,299.0,109999.0,283,<sp>
304,109999.0,367.0,110366.0,284,<eeh>
305,110366.0,184.0,110550.0,285,più
306,110550.0,380.0,110930.0,286,belli
307,110930.0,80.0,111010.0,287,di
308,111010.0,770.0,111345.0,288,questa
309,111345.0,435.0,111780.0,288,<aa>
310,111780.0,610.0,112390.0,289,gloriosa
311,112390.0,132.0,112522.0,290,per
312,112522.0,448.0,112970.0,291,l'appunto
313,112970.0,1180.0,113698.0,292,tradizione
314,113698.0,452.0,114150.0,292,<ee>
315,114150.0,130.0,114280.0,293,<sp>
316,114280.0,740.0,115020.0,294,napoletana
317,115020.0,1095.0,116115.0,295,<sp>
318,116115.0,72.0,116187.0,296,<tongue-click>
319,116187.0,293.0,116480.0,297,<sp>
320,116480.0,480.0,116960.0,298,però
321,116960.0,160.0,117120.0,299,<sp>
322,117120.0,292.0,117412.0,300,<eeh>
323,117412.0,184.0,117596.0,301,<sp>
324,117596.0,474.0,118070.0,302,oggi
325,118070.0,180.0,118250.0,303,in
326,118250.0,360.0,118610.0,304,verità
327,118610.0,600.0,119210.0,305,<breath>
328,119210.0,180.0,119390.0,306,più
329,119390.0,240.0,119630.0,307,che
330,119630.0,280.0,119910.0,308,su
331,119910.0,367.0,120277.0,309,questi
332,120277.0,673.0,120950.0,310,aspetti
333,120950.0,440.0,121390.0,311,immagini
334,121390.0,30.0,121420.0,312,e
335,121420.0,550.0,121970.0,313,memorie
336,121970.0,111.0,122081.0,314,che
337,122081.0,639.0,122720.0,315,racconta
338,122720.0,150.0,122870.0,316,la
339,122870.0,550.0,123420.0,317,storia
340,123420.0,70.0,123490.0,318,la
341,123490.0,640.0,124130.0,319,crescita
342,124130.0,410.0,124540.0,320,<sp>
343,124540.0,560.0,125100.0,321,diciamo
344,125100.0,590.0,125359.0,322,della
345,125359.0,331.0,125690.0,322,<aa>
346,125690.0,217.0,125907.0,323,della
347,125907.0,623.0,126530.0,324,città
348,126530.0,722.0,126809.0,325,delle
349,126809.0,443.0,127252.0,325,<ee>
350,127252.0,348.0,127600.0,326,<breath>
351,127600.0,89.0,127689.0,327,dei
352,127689.0,221.0,127910.0,328,suoi
353,127910.0,620.0,128530.0,329,ricordi
354,128530.0,550.0,129080.0,330,storici
355,129080.0,30.0,129110.0,331,in
356,129110.0,376.0,129486.0,332,realtà
357,129486.0,164.0,129650.0,333,<sp>
358,129650.0,145.0,129795.0,334,ci
359,129795.0,715.0,130510.0,335,concentreremo
360,130510.0,180.0,130690.0,336,per
361,130690.0,170.0,130860.0,337,di
362,130860.0,227.0,131087.0,338,pi+/
363,131087.0,233.0,131320.0,339,per
364,131320.0,129.0,131449.0,340,lo
365,131449.0,411.0,131860.0,341,più
366,131860.0,460.0,132320.0,342,<breath>
367,132320.0,180.0,132500.0,343,su
368,132500.0,420.0,132920.0,344,quella
369,132920.0,90.0,133010.0,345,che
370,133010.0,130.0,133140.0,346,è
371,133140.0,410.0,133550.0,347,proprio
372,133550.0,120.0,133670.0,348,la
373,133670.0,240.0,133910.0,349,vita
374,133910.0,100.0,134010.0,350,dei
375,134010.0,691.0,134701.0,351,certosini
376,134701.0,99.0,134800.0,352,e
377,134800.0,110.0,134910.0,353,la
378,134910.0,260.0,135170.0,354,vita
379,135170.0,470.0,135437.0,355,della
380,135437.0,203.0,135640.0,355,<aa>
381,135640.0,680.0,136320.0,356,Certosa
382,136320.0,518.0,136838.0,357,<sp>
383,136838.0,452.0,137290.0,358,<inspiration>
384,137290.0,380.0,137670.0,359,Allora
385,137670.0,435.0,138105.0,360,provate
386,138105.0,55.0,138160.0,361,a
387,138160.0,1150.0,139001.0,362,immaginare
388,139001.0,309.0,139310.0,362,<ee>
389,139310.0,350.0,139660.0,363,<sp>
390,139660.0,160.0,139820.0,364,la
391,139820.0,820.0,140640.0,365,Napoli
392,140640.0,780.0,140854.0,366,di
393,140854.0,566.0,141420.0,366,<ii>
394,141420.0,710.0,142130.0,367,settecento
395,142130.0,214.0,142344.0,368,anni
396,142344.0,476.0,142370.0,369,fa
397,142370.0,450.0,142820.0,369,<aa>
398,142820.0,740.0,143560.0,370,<sp>
399,143560.0,330.0,143890.0,371,<inspiration>
400,143890.0,200.0,144090.0,372,su
401,144090.0,390.0,144480.0,373,cui
402,144480.0,870.0,145073.0,374,regnava
403,145073.0,277.0,145350.0,374,<aa>
404,145350.0,135.0,145485.0,375,<sp>
405,145485.0,95.0,145580.0,376,la
406,145580.0,550.0,146130.0,377,dinastia
407,146130.0,200.0,146330.0,378,degli
408,146330.0,775.0,147105.0,379,Angioini
409,147105.0,245.0,147350.0,380,<sp>
410,147350.0,300.0,147650.0,381,quindi
411,147650.0,80.0,147730.0,382,di
412,147730.0,670.0,148181.0,383,origine
413,148181.0,219.0,148400.0,383,<ee>
414,148400.0,810.0,149210.0,384,francese
415,149210.0,544.0,149754.0,385,<inspiration>
416,149754.0,41.0,149795.0,386,e
417,149795.0,402.0,150197.0,387,provate
418,150197.0,46.0,150243.0,388,a
419,150243.0,717.0,150960.0,389,immaginare
420,150960.0,230.0,151190.0,390,un
421,151190.0,370.0,151560.0,391,Vomero
422,151560.0,290.0,151850.0,392,visto
423,151850.0,89.0,151939.0,393,che
424,151939.0,211.0,152150.0,394,voi
425,152150.0,240.0,152390.0,395,siete
426,152390.0,620.0,153010.0,396,napoletani
427,153010.0,330.0,153340.0,397,insomma
428,153340.0,580.0,153920.0,398,possiamo
429,153920.0,290.0,154210.0,399,fare
430,154210.0,140.0,154350.0,400,un
431,154350.0,1050.0,155066.0,401,confronto
432,155066.0,334.0,155400.0,401,<oo>
433,155400.0,730.0,156130.0,402,facile
434,156130.0,436.0,156566.0,403,<breath>
435,156566.0,295.0,156861.0,404,<eeh>
436,156861.0,119.0,156980.0,405,un
437,156980.0,360.0,157340.0,406,Vomero
438,157340.0,1000.0,158171.0,407,completamente
439,158171.0,169.0,158340.0,407,<ee>
440,158340.0,840.0,159180.0,408,disabitato
441,159180.0,377.0,159557.0,409,<sp>
442,159557.0,484.0,160041.0,410,rispetto
443,160041.0,66.0,160107.0,411,al
444,160107.0,883.0,160666.0,412,quartiere
445,160666.0,324.0,160990.0,412,<ee>
446,160990.0,1150.0,161970.0,413,commerciale
447,161970.0,170.0,162140.0,413,<ee>
448,162140.0,102.0,162242.0,414,e
449,162242.0,968.0,163210.0,415,animato
450,163210.0,155.0,163365.0,416,che
451,163365.0,52.0,163417.0,417,è
452,163417.0,463.0,163880.0,418,oggi
453,163880.0,332.0,164212.0,419,provate
454,164212.0,37.0,164249.0,420,a
455,164249.0,521.0,164770.0,421,immaginare
456,164770.0,170.0,164940.0,422,una
457,164940.0,760.0,165700.0,423,collina
458,165700.0,360.0,166060.0,424,<breath>
459,166060.0,460.0,166520.0,425,dove
460,166520.0,130.0,166650.0,426,in
461,166650.0,350.0,167000.0,427,pratica
462,167000.0,144.0,167144.0,428,non
463,167144.0,296.0,167440.0,429,c'era
464,167440.0,440.0,167880.0,430,nulla
465,167880.0,420.0,168300.0,431,<sp>
466,168301.0,670.0,168567.0,432,una
467,168567.0,404.0,168971.0,432,<aa>
468,168971.0,169.0,169140.0,433,<vocal>
469,169140.0,240.0,169380.0,434,quasi
470,169380.0,720.0,169754.0,435,aperta
471,169754.0,346.0,170100.0,435,<aa>
472,170100.0,720.0,170820.0,436,campagna
473,170820.0,459.0,171279.0,437,<inspiration>
474,171279.0,250.0,171529.0,438,quindi
475,171529.0,251.0,171780.0,439,un
476,171780.0,490.0,172270.0,440,luogo
477,172270.0,60.0,172330.0,441,che
478,172330.0,180.0,172510.0,442,si
479,172510.0,720.0,173230.0,443,prestava
480,173230.0,70.0,173300.0,444,in
481,173300.0,380.0,173680.0,445,maniera
482,173680.0,880.0,174560.0,446,perfetta
483,174560.0,566.0,175126.0,447,<inspiration>
484,175126.0,289.0,175415.0,448,alla
485,175415.0,665.0,176080.0,449,creazione
486,176080.0,60.0,176140.0,450,di
487,176140.0,80.0,176220.0,451,un
488,176220.0,690.0,176910.0,452,monastero
489,176910.0,940.0,177850.0,453,<sp>
490,177850.0,630.0,178480.0,454,quindi
491,,,,454,<ii>
492,178480.0,290.0,178770.0,455,il
493,178770.0,480.0,179250.0,456,figlio
494,179250.0,114.0,179364.0,457,del
495,179364.0,246.0,179610.0,458,re
496,179610.0,920.0,180530.0,459,Roberto
497,180530.0,290.0,180820.0,460,cioè
498,180820.0,497.0,181317.0,461,Carlo
499,181317.0,253.0,181570.0,462,duca
500,181570.0,90.0,181660.0,463,di
501,181660.0,693.0,182353.0,464,Calabria
502,182353.0,417.0,182770.0,465,<inspiration>
503,182770.0,442.0,183212.0,466,diciamo
504,183212.0,898.0,184110.0,467,appoggia
505,184110.0,267.0,184377.0,468,<breath>
506,184377.0,266.0,184643.0,469,<eeh>
507,184643.0,887.0,185530.0,470,incoraggia
508,185530.0,99.0,185629.0,471,<sp>
509,185629.0,111.0,185740.0,472,la
510,185740.0,650.0,186390.0,473,nascita
511,186390.0,70.0,186460.0,474,<sp>
512,186460.0,130.0,186590.0,475,di
513,186590.0,720.0,187310.0,476,questa
514,187310.0,90.0,187400.0,477,<sp>
515,187400.0,730.0,188130.0,478,Certosa
516,188130.0,330.0,188460.0,479,<breath>
517,188460.0,140.0,188600.0,480,lo
518,188600.0,400.0,189000.0,481,sapete
519,189000.0,97.0,189097.0,482,che
520,189097.0,73.0,189170.0,483,in
521,189170.0,600.0,189770.0,484,Campania
522,189770.0,130.0,189900.0,485,poi
523,189900.0,120.0,190020.0,486,ce
524,190020.0,90.0,190110.0,487,ne
525,190110.0,270.0,190380.0,488,sono
526,190380.0,350.0,190730.0,489,altre
527,190730.0,290.0,191020.0,490,due
528,191020.0,300.0,191320.0,491,quella
529,191320.0,110.0,191430.0,492,di
530,191430.0,530.0,191960.0,493,Padula
531,191960.0,85.0,192045.0,494,<sp>
532,192045.0,55.0,192100.0,495,e
533,192100.0,890.0,192990.0,496,quella
534,,,,496,<aa>
535,192990.0,110.0,193100.0,497,<sp>
536,193100.0,60.0,193160.0,498,e
537,193160.0,310.0,193470.0,499,quella
538,193470.0,110.0,193580.0,500,di
539,193580.0,410.0,193990.0,501,Capri
540,193990.0,500.0,194490.0,502,<inspiration>
541,194490.0,279.0,194769.0,503,Quindi
542,194769.0,235.0,195004.0,504,negli
543,195004.0,286.0,195290.0,505,anni
544,195290.0,520.0,195810.0,506,Venti
545,195810.0,744.0,196554.0,507,incominciano
546,196554.0,142.0,196696.0,508,i
547,196696.0,674.0,197370.0,509,lavori
548,197370.0,592.0,197962.0,510,<inspiration>
549,197962.0,406.0,198368.0,511,<eeh>
550,198368.0,532.0,198900.0,512,affidati
551,198900.0,160.0,199060.0,513,tra
552,199060.0,140.0,199200.0,514,gli
553,199200.0,500.0,199700.0,515,altri
554,199700.0,458.0,200158.0,516,anche
555,200158.0,312.0,200470.0,517,a
556,,,,517,<aa>
557,200470.0,270.0,200740.0,518,Tino
558,200740.0,110.0,200850.0,519,di
559,200850.0,680.0,201530.0,520,Camaino
560,201530.0,540.0,202070.0,521,<sp>
561,202070.0,390.0,202460.0,522,che
562,,,,522,<ee>
563,202460.0,380.0,202840.0,523,qui
564,202840.0,500.0,203340.0,524,lavora
565,203340.0,120.0,203460.0,525,in
566,203460.0,310.0,203770.0,526,veste
567,203770.0,80.0,203850.0,527,di
568,203850.0,710.0,204560.0,528,architetto
569,204560.0,350.0,204910.0,529,ma
570,,,,529,<aa>
571,204910.0,160.0,205070.0,530,che
572,205070.0,180.0,205250.0,531,per
573,205250.0,140.0,205390.0,532,il
574,205390.0,254.0,205644.0,533,re
575,205644.0,381.0,206025.0,534,già
576,206025.0,805.0,206830.0,535,lavorava
577,206830.0,200.0,207030.0,536,<breath>
578,207030.0,590.0,207620.0,537,come
579,,,,537,<ee>
580,207620.0,210.0,207830.0,538,come
581,207830.0,590.0,208420.0,539,scultore
582,208420.0,310.0,208730.0,540,alcune
583,208730.0,160.0,208890.0,541,sue
584,208890.0,220.0,209110.0,542,opere
585,209110.0,90.0,209200.0,543,le
586,209200.0,260.0,209460.0,544,poss+/
587,209460.0,130.0,209590.0,545,le
588,209590.0,330.0,209920.0,546,potete
589,209920.0,330.0,210250.0,547,vedere
590,210250.0,130.0,210380.0,548,in
591,210380.0,390.0,210770.0,549,Santa
592,210770.0,440.0,211210.0,550,Chiara
593,211210.0,90.0,211300.0,551,le
594,211300.0,280.0,211580.0,552,potete
595,211580.0,410.0,211990.0,553,vedere
596,211990.0,333.0,212323.0,554,<inspiration>
597,212323.0,57.0,212380.0,555,a
598,212380.0,300.0,212680.0,556,Donna
599,212680.0,520.0,213200.0,557,Regina
600,213200.0,90.0,213290.0,558,le
601,213290.0,300.0,213590.0,559,potete
602,213590.0,340.0,213930.0,560,vedere
603,213930.0,20.0,213950.0,561,a
604,213950.0,240.0,214190.0,562,San
605,214190.0,653.0,214843.0,563,Lorenzo
606,214843.0,806.0,215649.0,564,<sp>
607,215649.0,53.0,215702.0,565,<tongue-click>
608,215702.0,364.0,216066.0,566,<eeh>
609,216066.0,604.0,216670.0,567,incominciano
610,216670.0,490.0,217160.0,568,quindi
611,217160.0,51.0,217211.0,569,<sp>
612,217211.0,96.0,217307.0,570,i
613,217307.0,593.0,217900.0,571,lavori
614,217900.0,385.0,218285.0,572,<inspiration>
615,218285.0,237.0,218522.0,573,che
616,218522.0,70.0,218592.0,574,<sp>
617,218592.0,89.0,218681.0,575,in
618,218681.0,584.0,219265.0,576,realtà
619,219265.0,135.0,219400.0,577,<sp>
620,219400.0,230.0,219630.0,578,<eeh>
621,219630.0,470.0,220100.0,579,Carlo
622,220100.0,140.0,220240.0,580,non
623,220240.0,260.0,220500.0,581,vedrà
624,220500.0,600.0,221100.0,582,mai
625,221100.0,297.0,221397.0,583,<breath>
626,221397.0,1256.0,222653.0,584,<ehm>
627,222653.0,717.0,223370.0,585,completi
628,223370.0,478.0,223848.0,586,perchè
629,223848.0,102.0,223950.0,587,<sp>
630,223950.0,154.0,224104.0,588,<eeh>
631,224104.0,564.0,224668.0,589,muore
632,224668.0,36.0,224704.0,590,in
633,224704.0,336.0,225040.0,591,realtà
634,225040.0,610.0,225650.0,592,muore
635,225650.0,109.0,225759.0,593,<sp>
636,225759.0,296.0,226055.0,594,ancor
637,226055.0,425.0,226480.0,595,prima
638,226480.0,350.0,226830.0,596,di
639,,,,596,<ii>
640,226830.0,120.0,226950.0,597,di
641,226950.0,180.0,227130.0,598,suo
642,227130.0,400.0,227530.0,599,padre
643,227530.0,468.0,227998.0,600,<inspiration>
644,227998.0,62.0,228060.0,601,a
645,228060.0,450.0,228510.0,602,mettere
646,228510.0,400.0,228910.0,603,diciamo
647,228910.0,110.0,229020.0,604,la
648,229020.0,330.0,229350.0,605,parola
649,229350.0,490.0,229840.0,606,fine
650,229840.0,288.0,230128.0,607,<sp>
651,230128.0,52.0,230180.0,608,in
652,230180.0,337.0,230517.0,609,qualche
653,230517.0,440.0,230957.0,610,modo
654,230957.0,33.0,230990.0,611,a
655,230990.0,310.0,231300.0,612,questa
656,231300.0,280.0,231580.0,613,fase
657,231580.0,90.0,231670.0,614,di
658,231670.0,350.0,232020.0,615,lavori
659,232020.0,832.0,232852.0,616,trecentesca
660,232852.0,83.0,232935.0,617,<sp>
661,232935.0,75.0,233010.0,618,è
662,233010.0,120.0,233130.0,619,la
663,233130.0,580.0,233710.0,620,regina
664,233710.0,200.0,233910.0,621,<breath>
665,233910.0,600.0,234510.0,622,Giovanna
666,234510.0,590.0,235100.0,623,<sp>
667,235100.0,128.0,235228.0,624,che
668,235228.0,18.0,235246.0,625,in
669,235246.0,462.0,235708.0,626,realtà
670,235708.0,120.0,235828.0,627,<vocal>
671,235828.0,352.0,236180.0,628,potete
672,236180.0,600.0,236780.0,629,vedere
673,236780.0,321.0,237101.0,630,<breath>
674,237101.0,200.0,237301.0,631,<eeh>
675,237301.0,119.0,237420.0,632,in
676,237420.0,910.0,238330.0,633,quell'affresco
677,238330.0,120.0,238450.0,634,<sp>
678,238450.0,210.0,238660.0,635,ben
679,238660.0,147.0,238807.0,636,più
680,238807.0,533.0,239340.0,637,tardo
681,239340.0,710.0,240050.0,638,naturalmente
682,240050.0,160.0,240210.0,639,del
683,240210.0,767.0,240977.0,640,Trecento
684,240977.0,383.0,241360.0,641,<inspiration>
685,241360.0,542.0,241902.0,642,dove
686,241902.0,213.0,242115.0,643,<sp>
687,242115.0,715.0,242830.0,644,offre
688,242830.0,390.0,243220.0,645,<sp>
689,243220.0,90.0,243310.0,646,il
690,243310.0,730.0,244040.0,647,monastero
691,244040.0,580.0,244620.0,648,stesso
692,244620.0,120.0,244740.0,649,la
693,244740.0,510.0,245250.0,650,Certosa
694,245250.0,626.0,245876.0,651,stessa
695,245876.0,85.0,245961.0,652,<sp>
696,245961.0,79.0,246040.0,653,a
697,246040.0,330.0,246370.0,654,San
698,246370.0,490.0,246860.0,655,Bruno
699,246860.0,220.0,247080.0,656,<sp>
700,247080.0,110.0,247190.0,657,di
701,247190.0,180.0,247370.0,658,cui
702,247370.0,555.0,247925.0,659,parleremo
703,247925.0,55.0,247980.0,660,a
704,247980.0,594.0,248574.0,661,lungo
705,248574.0,266.0,248840.0,662,<sp>
706,248840.0,650.0,249490.0,663,durante
707,249490.0,180.0,249670.0,664,la
708,249670.0,360.0,250030.0,665,nostra
709,250030.0,350.0,250380.0,666,visita
710,250380.0,365.0,250745.0,667,perché
711,250745.0,425.0,251170.0,668,<inspiration>
712,251170.0,100.0,251270.0,669,si
713,251270.0,330.0,251600.0,670,tratta
714,251600.0,130.0,251730.0,671,del
715,251730.0,1094.0,252824.0,672,fondatore
716,,,,672,<ee>
717,252824.0,225.0,253049.0,673,<sp>
718,253049.0,101.0,253150.0,674,del
719,253150.0,470.0,253620.0,675,fondatore
720,253620.0,590.0,254210.0,676,dell'ordine
721,254210.0,922.0,255132.0,677,<sp>
722,255132.0,460.0,255592.0,678,<inspiration>
723,255592.0,393.0,255985.0,679,quindi
724,255985.0,465.0,256450.0,680,la
725,,,,680,<aa>
726,256450.0,600.0,257050.0,681,Certosa
727,257050.0,200.0,257250.0,682,ha
728,257250.0,770.0,258020.0,683,un'origine
729,258020.0,480.0,258500.0,684,<sp>
730,258500.0,1060.0,259560.0,685,trecentesca
731,259560.0,240.0,259800.0,686,come
732,259800.0,120.0,259920.0,687,vi
733,259920.0,558.0,260478.0,688,dicevo
734,260478.0,101.0,260579.0,689,<sp>
735,260579.0,273.0,260852.0,690,però
736,260852.0,128.0,260980.0,691,se
737,260980.0,210.0,261190.0,692,già
738,261190.0,170.0,261360.0,693,date
739,261360.0,240.0,261600.0,694,uno
740,261600.0,630.0,262230.0,695,sguardo
741,262230.0,753.0,262983.0,696,insomma
742,,,,696,<aa>
743,262983.0,407.0,263390.0,697,<inspiration>
744,263390.0,290.0,263680.0,698,<eeh>
745,263680.0,700.0,264380.0,699,nell'ambiente
746,264380.0,210.0,264590.0,700,dove
747,264590.0,140.0,264730.0,701,ci
748,264730.0,605.0,265335.0,702,troviamo
749,265335.0,145.0,265480.0,703,di
750,265480.0,950.0,266430.0,704,trecentesco
751,266430.0,140.0,266570.0,705,<inspiration>
752,266570.0,187.0,266757.0,706,c'è
753,266757.0,222.0,266979.0,707,ben
754,266979.0,501.0,267480.0,708,poco
755,267480.0,153.0,267633.0,709,<sp>
756,267633.0,117.0,267750.0,710,in
757,267750.0,370.0,268120.0,711,verità
758,268120.0,290.0,268410.0,712,<inspiration>
759,268410.0,270.0,268680.0,713,forse
760,268680.0,290.0,268970.0,714,proprio
761,268970.0,270.0,269240.0,715,sulla
762,269240.0,360.0,269600.0,716,vostra
763,269600.0,420.0,270020.0,717,testa
764,270020.0,330.0,270350.0,718,potete
765,270350.0,502.0,270852.0,719,vedere
766,270852.0,246.0,271098.0,720,<breath>
767,271098.0,182.0,271280.0,721,quel
768,271280.0,175.0,271455.0,722,che
769,271455.0,695.0,272150.0,723,resta
770,272150.0,80.0,272230.0,724,di
771,272230.0,530.0,272760.0,725,alcuni
772,272760.0,560.0,273320.0,726,archi
773,273320.0,70.0,273390.0,727,a
774,273390.0,600.0,273990.0,728,sesto
775,273990.0,520.0,274510.0,729,acuto
776,274510.0,243.0,274753.0,730,<sp>
777,274753.0,267.0,275020.0,731,quindi
778,275020.0,230.0,275250.0,732,come
779,275250.0,600.0,275850.0,733,vedete
780,275850.0,292.0,276142.0,734,<inspiration>
781,276142.0,148.0,276290.0,735,si
782,276290.0,80.0,276370.0,736,è
783,276370.0,1170.0,277540.0,737,intervenuti
784,277540.0,619.0,278159.0,738,<breath>
785,278159.0,154.0,278313.0,739,<eeh>
786,278313.0,1017.0,279330.0,740,successivamente
787,279330.0,260.0,279590.0,741,sulle
788,279590.0,840.0,280430.0,742,strutture
789,280430.0,240.0,280670.0,743,<sp>
790,280670.0,670.0,281340.0,744,medievali
791,281340.0,439.0,281779.0,745,<inspiration>
792,281779.0,1181.0,282960.0,746,questo 
793,,,,746,<oo>
794,282960.0,380.0,283340.0,747,questi
795,283340.0,720.0,284060.0,748,lavori
796,284060.0,583.0,284643.0,749,<inspiration>
797,284643.0,197.0,284840.0,750,di
798,284840.0,1060.0,285900.0,751,ammodernamento
799,285900.0,950.0,286850.0,752,cominciano
800,286850.0,410.0,287260.0,753,<sp>
801,287260.0,180.0,287440.0,754,alla
802,287440.0,260.0,287700.0,755,fine
803,287700.0,120.0,287820.0,756,del
804,287820.0,1166.0,288986.0,757,millecinquecento
805,288986.0,489.0,289475.0,758,<inspiration>
806,289475.0,35.0,289510.0,759,e
807,289510.0,450.0,289960.0,760,potremmo
808,289960.0,350.0,290310.0,761,dire
809,290310.0,960.0,291270.0,762,che
810,,,,762,<ee>
811,291270.0,330.0,291600.0,763,<ehm>
812,291600.0,433.0,292033.0,764,<breath>
813,292033.0,107.0,292140.0,765,non
814,292140.0,160.0,292300.0,766,si
815,292300.0,440.0,292740.0,767,fermano
816,292740.0,855.0,293595.0,768,quasi
817,,,,768,<ii>
818,293595.0,154.0,293749.0,769,mai
819,293749.0,307.0,294056.0,770,più
820,294056.0,774.0,294830.0,771,praticamente
821,294830.0,220.0,295050.0,772,la
822,295050.0,160.0,295210.0,773,la
823,295210.0,340.0,295550.0,774,fase
824,295550.0,244.0,295794.0,775,clou
825,295794.0,148.0,295942.0,776,dei
826,295942.0,598.0,296540.0,777,lavori
827,296540.0,281.0,296821.0,778,<inspiration>
828,296821.0,179.0,297000.0,779,si
829,297000.0,220.0,297220.0,780,ha
830,297220.0,185.0,297405.0,781,<sp>
831,297405.0,46.0,297451.0,782,a
832,297451.0,419.0,297870.0,783,partire
833,297870.0,100.0,297970.0,784,da
834,297970.0,160.0,298130.0,785,quel
835,298130.0,583.0,298713.0,786,momento
836,298713.0,137.0,298850.0,787,e
837,298850.0,210.0,299060.0,788,nel
838,299060.0,679.0,299739.0,789,Seicento
839,299739.0,141.0,299880.0,790,ma
840,299880.0,23.0,299903.0,791,in
841,299903.0,343.0,300246.0,792,realtà
842,300246.0,264.0,300510.0,793,poi
843,300510.0,190.0,300700.0,794,come
844,300700.0,270.0,300970.0,795,dire
845,300970.0,279.0,301249.0,796,<inspiration>
846,301249.0,197.0,301446.0,797,si
847,301446.0,854.0,302300.0,798,prolunga
848,302300.0,210.0,302510.0,799,<sp>
849,302510.0,312.0,302822.0,800,fino
850,302822.0,173.0,302995.0,801,al
851,302995.0,1114.0,304109.0,802,millesettecento
852,304109.0,283.0,304392.0,803,<inspiration>
853,304392.0,100.0,304492.0,804,la
854,304492.0,698.0,305190.0,805,Certosa
855,305190.0,380.0,305570.0,806,<inspiration>
856,305570.0,977.0,306547.0,807,<ehm>
857,306547.0,243.0,306790.0,808,agli
858,306790.0,254.0,307044.0,809,inizi
859,307044.0,146.0,307190.0,810,del
860,307190.0,1150.0,308340.0,811,milleottocento
861,308340.0,222.0,308562.0,812,<inspiration>
862,308562.0,938.0,309500.0,813,<ehm>
863,309500.0,359.0,309859.0,814,<sp>
864,309859.0,113.0,309972.0,815,<tongue click>
865,309972.0,70.0,310042.0,816,gli
866,310042.0,343.0,310385.0,817,ordini
867,310385.0,315.0,310700.0,818,vengono
868,310700.0,812.0,311512.0,819,soppressi
869,311512.0,240.0,311752.0,820,<sp>
870,311752.0,45.0,311797.0,821,<tongue click>
871,311797.0,213.0,312010.0,822,quindi
872,312010.0,21.0,312031.0,823,i
873,312031.0,549.0,312580.0,824,certosini
874,312580.0,206.0,312786.0,825,sono
875,312786.0,614.0,313400.0,826,costretti
876,313400.0,90.0,313490.0,827,ad
877,313490.0,300.0,313790.0,828,andar
878,313790.0,403.0,314193.0,829,via
879,314193.0,147.0,314340.0,830,per
880,314340.0,553.0,314893.0,831,un/
881,,,,831,<nn>
882,,,,831,/
883,314893.0,239.0,315132.0,832,poi
884,315132.0,798.0,315930.0,833,ritorneranno
885,315930.0,126.0,316056.0,834,per
886,316056.0,274.0,316330.0,835,poi
887,316330.0,350.0,316680.0,836,essere
888,316680.0,1076.0,317756.0,837,definitivamente
889,317756.0,323.0,318079.0,838,<breath>
890,318079.0,645.0,318724.0,839,<ehm>
891,318724.0,714.0,319438.0,840,cacciati
892,319438.0,172.0,319610.0,841,ed
893,319610.0,59.0,319669.0,842,è
894,319669.0,186.0,319855.0,843,per
895,319855.0,434.0,320289.0,844,questo
896,320289.0,161.0,320450.0,845,che
897,320450.0,286.0,320736.0,846,<noise>
898,320736.0,414.0,321150.0,847,<inspiration>
899,321150.0,830.0,321980.0,848,<cough>
900,321980.0,654.0,322634.0,849,<tongue-click>
901,322634.0,556.0,323190.0,850,scusate
902,323190.0,270.0,323460.0,851,<inspiration>
903,323460.0,230.0,323690.0,852,poi
904,323690.0,100.0,323790.0,853,la
905,323790.0,510.0,324300.0,854,Certosa
906,324300.0,193.0,324493.0,855,come
907,324493.0,127.0,324620.0,856,vi
908,324620.0,590.0,325210.0,857,dicevo
909,325210.0,583.0,325793.0,858,<sp>
910,325793.0,156.0,325949.0,859,<tongue-click>
911,325949.0,640.0,326589.0,860,diventerà
912,326589.0,520.0,327109.0,861,diventerà
913,327109.0,541.0,327650.0,862,museo
914,327650.0,675.0,328325.0,863,<inspiration>
915,328325.0,885.0,329210.0,864,<ehm>
916,329210.0,101.0,329311.0,865,<tongue-click>
917,329311.0,647.0,329958.0,866,questi
918,329958.0,406.0,330364.0,867,<eeh>
919,330364.0,836.0,331200.0,868,lavori
920,331200.0,196.0,331396.0,869,<sp>
921,331396.0,105.0,331501.0,870,<eeh>
922,331501.0,127.0,331628.0,871,di
923,331628.0,1095.0,332723.0,872,ammodernamento
924,332723.0,267.0,332990.0,873,quindi
925,332990.0,960.0,333950.0,874,incominciano
926,333950.0,145.0,334095.0,875,alla
927,334095.0,225.0,334320.0,876,fine
928,334320.0,60.0,334380.0,877,del
929,334380.0,1061.0,335441.0,878,millecinquecento
930,335441.0,369.0,335810.0,879,e
931,335810.0,270.0,336080.0,880,<sp>
932,336080.0,612.0,336692.0,881,<ehm>
933,336692.0,238.0,336930.0,882,come
934,336930.0,90.0,337020.0,883,vi
935,337020.0,506.0,337526.0,884,dicevo
936,337526.0,114.0,337640.0,885,si
937,337640.0,770.0,338410.0,886,prolungano
938,338410.0,223.0,338633.0,887,<inspiration>
939,338633.0,170.0,338803.0,888,per
940,338803.0,417.0,339220.0,889,molto
941,339220.0,521.0,339741.0,890,tempo
942,339741.0,262.0,340003.0,891,<inspiration>
943,340003.0,347.0,340350.0,892,e
944,340350.0,278.0,340628.0,893,<ehm>
945,340628.0,595.0,341223.0,894,vedono
946,341223.0,487.0,341710.0,895,andare
947,341710.0,84.0,341794.0,896,e
948,341794.0,636.0,342430.0,897,venire
949,342430.0,250.0,342680.0,898,dalla
950,342680.0,696.0,343376.0,899,Certosa
951,343376.0,230.0,343606.0,900,<inspiration>
952,343606.0,604.0,344210.0,901,alcuni
953,344210.0,173.0,344383.0,902,dei
954,344383.0,797.0,345180.0,903,migliori
955,345180.0,413.0,345593.0,904,<ehm>
956,345593.0,897.0,346490.0,905,artisti
957,346490.0,250.0,346740.0,906,<sp>
958,346740.0,163.0,346903.0,907,su
959,346903.0,587.0,347490.0,908,piazza
960,347490.0,610.0,348100.0,909,<inspiration>
961,348100.0,388.0,348488.0,910,<ehm>
962,348488.0,257.0,348745.0,911,qui
963,348745.0,120.0,348865.0,912,per
964,348865.0,627.0,349492.0,913,esempio
965,349492.0,245.0,349737.0,914,c'è
966,349737.0,493.0,350230.0,915,Belisario
967,350230.0,717.0,350947.0,916,Corenzio
968,350947.0,448.0,351395.0,917,Giovanni
969,351395.0,714.0,352109.0,918,Baglione
970,352109.0,358.0,352467.0,919,ma
971,352467.0,208.0,352675.0,920,<inspiration>
972,352675.0,365.0,353040.0,921,<ehm>
973,353040.0,480.0,353520.0,922,se
974,353520.0,474.0,353994.0,923,<ehm>
975,353994.0,799.0,354793.0,924,guardate
976,354793.0,287.0,355080.0,925,<inspiration>
977,355080.0,171.0,355251.0,926,per
978,355251.0,329.0,355580.0,927,quanto
979,355580.0,930.0,356510.0,928,possibile
980,356510.0,340.0,356850.0,929,<inspiration>
981,356850.0,893.0,357743.0,930,<ehm>
982,357743.0,205.0,357948.0,931,la
983,357948.0,421.0,358369.0,932,chiesa
984,358369.0,161.0,358530.0,933,dove
985,358530.0,90.0,358620.0,934,al
986,358620.0,390.0,359010.0,935,momento
987,359010.0,120.0,359130.0,936,non
988,359130.0,458.0,359588.0,937,possiamo
989,359588.0,589.0,360177.0,938,entrare
990,360177.0,243.0,360420.0,939,<inspiration>
991,360420.0,830.0,361250.0,940,<ehm>
992,361250.0,150.0,361400.0,941,<sp>
993,361400.0,475.0,361875.0,942,perché
994,361875.0,144.0,362019.0,943,a+
995,362022.0,234.0,362256.0,944,<ehm>
996,362256.0,375.0,362631.0,945,abbiamo
997,362631.0,59.0,362690.0,946,a
998,362690.0,650.0,363340.0,947,cuore
999,363340.0,350.0,363690.0,948,<sp>
1000,363690.0,449.0,364139.0,949,<ehm>
1001,364139.0,121.0,364260.0,950,la
1002,364260.0,1040.0,365300.0,951,conservazione
1003,365300.0,124.0,365424.0,952,del
1004,365424.0,663.0,366087.0,953,pavimento
1005,366087.0,73.0,366160.0,954,che
1006,366160.0,40.0,366200.0,955,in
1007,366200.0,310.0,366510.0,956,questo
1008,366510.0,570.0,367080.0,957,momento
1009,367080.0,146.0,367226.0,958,è
1010,367226.0,44.0,367270.0,959,in
1011,367270.0,160.0,367430.0,960,una
1012,367430.0,330.0,367760.0,961,fase
1013,367760.0,80.0,367840.0,962,un
1014,367840.0,294.0,368134.0,963,po'
1015,368134.0,306.0,368440.0,964,<inspiration>
1016,368440.0,1261.0,369701.0,965,<ehm>
1017,369701.0,852.0,370553.0,966,delicata
1018,370553.0,337.0,370890.0,967,dobbiamo
1019,370890.0,326.0,371216.0,968,insomma
1020,371216.0,854.0,372070.0,969,preservarlo
1021,372070.0,105.0,372175.0,970,ci
1022,372175.0,255.0,372430.0,971,dobbiamo
1023,372430.0,970.0,373400.0,972,accontentare
1024,373400.0,350.0,373750.0,973,<inspiration>
1025,373750.0,120.0,373870.0,974,di
1026,373870.0,606.0,374476.0,975,vederlo
1027,,,,975,<oo>
1028,374476.0,124.0,374600.0,976,da
1029,374600.0,550.0,375150.0,977,qui
1030,375150.0,336.0,375486.0,978,<inspiration>
1031,375486.0,574.0,376060.0,979,comunque
1032,376060.0,381.0,376441.0,980,anche
1033,376441.0,88.0,376529.0,981,in
1034,376529.0,321.0,376850.0,982,questo
1035,376850.0,473.0,377323.0,983,modo
1036,377323.0,315.0,377638.0,984,anche
1037,377638.0,112.0,377750.0,985,se
1038,377750.0,131.0,377881.0,986,vi 
1039,377881.0,161.0,378042.0,987,<ehm>
1040,378042.0,138.0,378180.0,988,vi
1041,378180.0,220.0,378400.0,989,potete
1042,378400.0,210.0,378610.0,990,anche
1043,378610.0,420.0,379030.0,991,avvicinare
1044,379030.0,110.0,379140.0,992,un
1045,379140.0,795.0,379935.0,993,pochettino
1046,379935.0,344.0,380279.0,994,<sp>
1047,380279.0,267.0,380546.0,995,<inspiration>
1048,380546.0,124.0,380670.0,996,<tongue-click>
1049,380670.0,554.0,381224.0,997,potete
1050,381224.0,913.0,382137.0,998,intuire
1051,382137.0,363.0,382500.0,999,<inspiration>
1052,382500.0,924.0,383424.0,1000,<ehm>
1053,383424.0,439.0,383863.0,1001,<sp>
1054,383863.0,441.0,384304.0,1002,la
1055,,,,1002,<aa>
1056,384304.0,113.0,384417.0,1003,la
1057,384417.0,723.0,385140.0,1004,bellezza
1058,385140.0,300.0,385440.0,1005,<sp>
1059,385440.0,150.0,385590.0,1006,di
1060,385590.0,725.0,386315.0,1007,questo
1061,,,,1007,<oo>
1062,386315.0,115.0,386430.0,1008,di
1063,386430.0,380.0,386810.0,1009,questo
1064,386810.0,465.0,387275.0,1010,luogo
1065,387275.0,333.0,387608.0,1011,<inspiration>
1066,387608.0,669.0,388277.0,1012,innanzitutto
1067,388277.0,132.0,388409.0,1013,la
1068,388409.0,693.0,389102.0,1014,ricchezza
1069,389102.0,1018.0,390120.0,1015,incredibile
1070,390120.0,73.0,390193.0,1016,<sp>
1071,390193.0,110.0,390303.0,1017,di
1072,390303.0,447.0,390750.0,1018,marmi
1073,390750.0,690.0,391440.0,1019,commessi
1074,391440.0,301.0,391741.0,1020,quindi
1075,391741.0,559.0,392300.0,1021,questo
1076,,,,1021,<oo>
1077,392300.0,187.0,392487.0,1022,<inspiration>
1078,392487.0,213.0,392700.0,1023,questa
1079,392700.0,290.0,392990.0,1024,sorta
1080,392990.0,94.0,393084.0,1025,di
1081,393084.0,526.0,393610.0,1026,puzzle
1082,393610.0,150.0,393760.0,1027,<sp>
1083,393760.0,131.0,393891.0,1028,in
1084,393891.0,94.0,393985.0,1029,un
1085,393985.0,383.0,394368.0,1030,certo
1086,394368.0,552.0,394920.0,1031,senso
1087,394920.0,220.0,395140.0,1032,<inspiration>
1088,395140.0,320.0,395460.0,1033,<ehm>
1089,395460.0,465.0,395925.0,1034,di
1090,,,,1034,<ii>
1091,395925.0,131.0,396056.0,1035,di
1092,396056.0,710.0,396766.0,1036,marmi
1093,396766.0,227.0,396993.0,1037,<inspiration>
1094,396993.0,606.0,397599.0,1038,<ehm>
1095,397599.0,841.0,398440.0,1039,pregiati
1096,398440.0,310.0,398750.0,1040,<inspiration>
1097,398750.0,339.0,399089.0,1041,<ehm>
1098,399089.0,141.0,399230.0,1042,un
1099,399230.0,297.0,399527.0,1043,tipo
1100,399527.0,113.0,399640.0,1044,di
1101,399640.0,910.0,400550.0,1045,lavorazione
1102,400550.0,342.0,400892.0,1046,che
1103,400892.0,158.0,401050.0,1047,<tongue-click>
1104,401050.0,197.0,401247.0,1048,<ehm>
1105,401247.0,123.0,401370.0,1049,a
1106,401370.0,841.0,402211.0,1050,Napoli
1107,402211.0,1112.0,403323.0,1051,<ehm>
1108,403323.0,804.0,404127.0,1052,diciamo
1109,,,,1052,<oo>
1110,404127.0,263.0,404390.0,1053,<inspiration>
1111,404390.0,1033.0,405423.0,1054,<eeh>
1112,405423.0,817.0,406240.0,1055,diventerà
1113,406240.0,303.0,406543.0,1056,quella
1114,406543.0,290.0,406833.0,1057,poi
1115,406833.0,571.0,407404.0,1058,più
1116,,,,1058,<uu>
1117,407404.0,118.0,407522.0,1059,di
1118,407522.0,411.0,407933.0,1060,moda
1119,407933.0,84.0,408017.0,1061,in
1120,408017.0,93.0,408110.0,1062,un
1121,408110.0,309.0,408419.0,1063,certo
1122,408419.0,347.0,408766.0,1064,senso
1123,408766.0,356.0,409122.0,1065,grazie
1124,409122.0,768.0,409890.0,1066,all'intervento
1125,409890.0,80.0,409970.0,1067,di
1126,409970.0,399.0,410369.0,1068,Cosimo
1127,410369.0,759.0,411128.0,1069,Fanzago
1128,411128.0,382.0,411510.0,1070,<inspiration>
1129,411510.0,714.0,412224.0,1071,<ehm>
1130,412224.0,787.0,413011.0,1072,<sp>
1131,413011.0,879.0,413890.0,1073,marmoraro
1132,413890.0,438.0,414328.0,1074,e
1133,,,,1074,<ee>
1134,414328.0,996.0,415324.0,1075,architetto
1135,415324.0,385.0,415709.0,1076,<inspiration>
1136,415709.0,171.0,415880.0,1077,di
1137,415880.0,670.0,416550.0,1078,origine
1138,416550.0,564.0,417114.0,1079,<sp>
1139,417114.0,1056.0,418170.0,1080,bergamasca
1140,418170.0,360.0,418530.0,1081,<sp>
1141,418530.0,570.0,419100.0,1082,quindi
1142,,,,1082,<ii>
1143,419100.0,170.0,419270.0,1083,dal
1144,419270.0,476.0,419746.0,1084,Nord
1145,419746.0,75.0,419821.0,1085,che
1146,419821.0,242.0,420063.0,1086,però
1147,420063.0,327.0,420390.0,1087,passa
1148,420390.0,250.0,420640.0,1088,tutta
1149,420640.0,90.0,420730.0,1089,la
1150,420730.0,160.0,420890.0,1090,sua
1151,420890.0,260.0,421150.0,1091,vita
1152,421150.0,190.0,421340.0,1092,vive
1153,421340.0,30.0,421370.0,1093,e
1154,421370.0,380.0,421750.0,1094,lavora
1155,421750.0,340.0,422090.0,1095,qui
1156,422090.0,121.0,422211.0,1096,<sp>
1157,422211.0,92.0,422303.0,1097,<noise>
1158,422303.0,67.0,422370.0,1098,a
1159,422370.0,590.0,422960.0,1099,Napoli
1160,422960.0,54.0,423014.0,1100,<sp>
1161,423014.0,55.0,423069.0,1101,<noise>
1162,423069.0,123.0,423192.0,1102,e
1163,423192.0,168.0,423360.0,1103,in
1164,423360.0,630.0,423990.0,1104,particolare
1165,423990.0,110.0,424100.0,1105,in
1166,424100.0,760.0,424860.0,1106,Certosa
1167,424860.0,320.0,425180.0,1107,<inspiration>
1168,425180.0,339.0,425519.0,1108,<ehm>
1169,425519.0,533.0,426052.0,1109,lavora
1170,426052.0,199.0,426251.0,1110,u+
1171,426251.0,331.0,426582.0,1111,circa
1172,426582.0,95.0,426677.0,1112,un
1173,426677.0,693.0,427370.0,1113,trent'anni
1174,427370.0,260.0,427630.0,1114,dagli
1175,427630.0,151.0,427781.0,1115,an+
1176,427781.0,168.0,427949.0,1116,<sp>
1177,427949.0,56.0,428005.0,1117,<ehm>
1178,428005.0,250.0,428255.0,1118,dagli
1179,428255.0,215.0,428470.0,1119,anni
1180,428470.0,490.0,428960.0,1120,Venti
1181,428960.0,230.0,429190.0,1121,<tongue-click>
1182,429190.0,189.0,429379.0,1122,in
1183,429379.0,421.0,429800.0,1123,poi
1184,429800.0,500.0,430300.0,1124,<inspiration>
1185,430300.0,420.0,430720.0,1125,<ehm>
1186,430720.0,142.0,430862.0,1126,in
1187,430862.0,519.0,431381.0,1127,realtà
1188,431381.0,129.0,431510.0,1128,i
1189,431510.0,400.0,431910.0,1129,marmi
1190,,,,1129,<aa>
1191,,,,1129,rmi
1192,431910.0,118.0,432028.0,1130,che
1193,432028.0,182.0,432210.0,1131,qui
1194,432210.0,369.0,432579.0,1132,vedete
1195,432579.0,701.0,433280.0,1133,vengono
1196,433280.0,259.0,433539.0,1134,<tongue-click>
1197,433539.0,727.0,434266.0,1135,lavorati
1198,434266.0,654.0,434920.0,1136,vengono /
1199,,,,1136,<oo>
1200,,,,1136, /
1201,434920.0,112.0,435032.0,1137,la
1202,435032.0,467.0,435499.0,1138,chiesa
1203,435499.0,206.0,435705.0,1139,viene
1204,435705.0,745.0,436450.0,1140,completata
1205,436450.0,173.0,436623.0,1141,in
1206,436623.0,792.0,437415.0,1142,seguito
1207,437415.0,439.0,437854.0,1143,<inspiration>
1208,437854.0,391.0,438245.0,1144,<ehm>
1209,438245.0,149.0,438394.0,1145,e
1210,438394.0,836.0,439230.0,1146,all'interno
1211,439230.0,100.0,439330.0,1147,la
1212,439330.0,636.0,439966.0,1148,decorazione
1213,439966.0,129.0,440095.0,1149,non
1214,440095.0,65.0,440160.0,1150,è
1215,440160.0,670.0,440830.0,1151,solamente
1216,440830.0,120.0,440950.0,1152,di
1217,440950.0,450.0,441400.0,1153,tipo
1218,441400.0,720.0,442120.0,1154,marmoreo
1219,442120.0,182.0,442302.0,1155,come
1220,442302.0,298.0,442600.0,1156,potete
1221,442600.0,477.0,443077.0,1157,vedere
1222,443077.0,263.0,443340.0,1158,<inspiration>
1223,443340.0,415.0,443755.0,1159,ma
1224,443755.0,77.0,443832.0,1160,<sp>
1225,443832.0,451.0,444283.0,1161,<ehm>
1226,444283.0,253.0,444536.0,1162,nelle
1227,444536.0,685.0,445221.0,1163,cappelle
1228,445221.0,109.0,445330.0,1164,per
1229,445330.0,520.0,445850.0,1165,esempio
1230,445850.0,797.0,446647.0,1166,abbiamo
1231,,,,1166,<oo>
1232,446647.0,331.0,446978.0,1167,<ehm>
1233,446978.0,170.0,447148.0,1168,<breath>
1234,447148.0,322.0,447470.0,1169,<sp>
1235,447470.0,323.0,447793.0,1170,cioè
1236,447793.0,218.0,448011.0,1171,c'è
1237,448011.0,324.0,448335.0,1172,stato
1238,448335.0,600.0,448935.0,1173,l'intervento
1239,448935.0,85.0,449020.0,1174,di
1240,449020.0,325.0,449345.0,1175,alcuni
1241,449345.0,102.0,449447.0,1176,dei
1242,449447.0,543.0,449990.0,1177,pittori
1243,,,,1177,<ii>
1244,449990.0,713.0,450703.0,1178,maggiori
1245,450703.0,317.0,451020.0,1179,<inspiration>
1246,451020.0,167.0,451187.0,1180,<ehm>
1247,451187.0,117.0,451304.0,1181,del
1248,451304.0,476.0,451780.0,1182,Seicento
1249,451780.0,40.0,451820.0,1183,e
1250,451820.0,150.0,451970.0,1184,del
1251,451970.0,875.0,452845.0,1185,Settecento
1252,,,,1185,<oo>
1253,452845.0,697.0,453542.0,1186,napoletano
1254,453542.0,190.0,453732.0,1187,<inspiration>
1255,453732.0,91.0,453823.0,1188,la
1256,453823.0,252.0,454075.0,1189,prima
1257,454075.0,380.0,454455.0,1190,cappella
1258,454455.0,37.0,454492.0,1191,a
1259,454492.0,604.0,455096.0,1192,sinistra
1260,455096.0,114.0,455210.0,1193,per
1261,455210.0,363.0,455573.0,1194,esempio
1262,455573.0,27.0,455600.0,1195,è
1263,455600.0,481.0,456081.0,1196,stata
1264,,,,1196,<aa>
1265,456081.0,76.0,456157.0,1197,<ehm>
1266,456157.0,573.0,456730.0,1198,decorata
1267,456730.0,85.0,456815.0,1199,da
1268,456815.0,645.0,457460.0,1200,Battistello
1269,457460.0,644.0,458104.0,1201,Caracciolo
1270,458104.0,229.0,458333.0,1202,<inspiration>
1271,458333.0,542.0,458875.0,1203,<sp>
1272,458875.0,83.0,458958.0,1204,<noise>
1273,458958.0,126.0,459084.0,1205,che
1274,459084.0,97.0,459181.0,1206,è
1275,459181.0,726.0,459907.0,1207,stato
1276,,,,1207,<oo>
1277,459907.0,293.0,460200.0,1208,<inspiration>
1278,460200.0,500.0,460700.0,1209,diciamo
1279,460700.0,600.0,461300.0,1210,l'allievo
1280,461300.0,186.0,461486.0,1211,non
1281,461486.0,767.0,462253.0,1212,ufficiale
1282,,,,1212,<aa>
1283,,,,1212,le
1284,462253.0,301.0,462554.0,1213,<inspiration>
1285,462554.0,546.0,463100.0,1214,<ehm>
1286,463100.0,300.0,463400.0,1215,di
1287,,,,1215,<ii>
1288,463400.0,720.0,464120.0,1216,Caravaggio
1289,,,,1216,<aa>
1290,,,,1216,ggio
1291,464120.0,116.0,464236.0,1217,a
1292,464236.0,522.0,464758.0,1218,Napoli
1293,464758.0,352.0,465110.0,1219,colui
1294,465110.0,152.0,465262.0,1220,che
1295,465262.0,122.0,465384.0,1221,lo
1296,465384.0,157.0,465541.0,1222,ha
1297,465541.0,255.0,465796.0,1223,più
1298,465796.0,121.0,465917.0,1224,di
1299,465917.0,603.0,466520.0,1225,tutti /
1300,466520.0,266.0,466786.0,1226,<inspiration>
1301,466786.0,1616.0,468402.0,1227,<ehm>
1302,468402.0,163.0,468565.0,1228,più
1303,468565.0,89.0,468654.0,1229,di 
1304,468654.0,205.0,468859.0,1230,tutti
1305,468859.0,25.0,468884.0,1231,ha
1306,468884.0,467.0,469351.0,1232,saputo
1307,469351.0,219.0,469570.0,1233,come
1308,469570.0,450.0,470020.0,1234,dire
1309,,,,1234,<ee>
1310,470020.0,236.0,470256.0,1235,<inspiration>
1311,470256.0,318.0,470574.0,1236,<ehm>
1312,470574.0,839.0,471413.0,1237,interpretare
1313,471413.0,33.0,471446.0,1238,ha
1314,471446.0,804.0,472250.0,1239,saputo
1315,472250.0,178.0,472428.0,1240,<sp>
1316,472428.0,992.0,473420.0,1241,<ehm>
1317,473420.0,315.0,473735.0,1242,fare
1318,473735.0,123.0,473858.0,1243,<sp>
1319,473858.0,352.0,474210.0,1244,<ehm>
1320,474210.0,190.0,474400.0,1245,far
1321,474400.0,591.0,474991.0,1246,tesoro
1322,,,,1246,<oo>
1323,,,,1246,ro
1324,474991.0,249.0,475240.0,1247,<sp>
1325,475240.0,430.0,475670.0,1248,del
1326,,,,1248,<ll>
1327,475670.0,310.0,475980.0,1249,della
1328,475980.0,482.0,476462.0,1250,sua
1329,,,,1250,<aa>
1330,476462.0,226.0,476688.0,1251,della
1331,476688.0,152.0,476840.0,1252,sua
1332,476840.0,620.0,477460.0,1253,lezione
1333,477460.0,308.0,477768.0,1254,anche
1334,477768.0,102.0,477870.0,1255,se
1335,477870.0,170.0,478040.0,1256,qui
1336,478040.0,100.0,478140.0,1257,lo
1337,478140.0,394.0,478534.0,1258,vediamo
1338,478534.0,356.0,478890.0,1259,lavorare
1339,478890.0,236.0,479126.0,1260,anche
1340,479126.0,54.0,479180.0,1261,in
1341,479180.0,530.0,479710.0,1262,affresco
1342,479710.0,263.0,479973.0,1263,<inspiration>
1343,479973.0,69.0,480042.0,1264,e
1344,480042.0,718.0,480760.0,1265,Caravaggio
1345,480760.0,325.0,481085.0,1266,<sp>
1346,481085.0,125.0,481210.0,1267,a
1347,481210.0,403.0,481613.0,1268,quanto
1348,481613.0,77.0,481690.0,1269,ne
1349,481690.0,672.0,482362.0,1270,sappiamo
1350,482362.0,311.0,482673.0,1271,<inspiration>
1351,482673.0,83.0,482756.0,1272,in
1352,482756.0,692.0,483448.0,1273,affresco
1353,483448.0,392.0,483840.0,1274,non
1354,,,,1274,<nn>
1355,483840.0,588.0,484428.0,1275,lavorava
1356,484428.0,282.0,484710.0,1276,quindi
1357,484710.0,170.0,484880.0,1277,una
1358,484880.0,362.0,485242.0,1278,chie+ 
1359,485242.0,328.0,485570.0,1279,una
1360,,,,1279,<aa>
1361,485570.0,420.0,485990.0,1280,cappella
1362,485990.0,331.0,486321.0,1281,dedicata
1363,486321.0,24.0,486345.0,1282,a
1364,486345.0,318.0,486663.0,1283,San
1365,486663.0,627.0,487290.0,1284,Gennaro
1366,487290.0,181.0,487471.0,1285,<sp>
1367,487471.0,129.0,487600.0,1286,il
1368,487600.0,360.0,487960.0,1287,nostro
1369,487960.0,320.0,488280.0,1288,santo
1370,488280.0,470.0,488750.0,1289,patrono
1371,488750.0,210.0,488960.0,1290,quindi
1372,488960.0,150.0,489110.0,1291,non
1373,489110.0,134.0,489244.0,1292,può
1374,489244.0,756.0,490000.0,1293,mancare
1375,490000.0,428.0,490428.0,1294,<inspiration>
1376,490428.0,257.0,490685.0,1295,una
1377,490685.0,485.0,491170.0,1296,cappella
1378,491170.0,534.0,491704.0,1297,dedicata
1379,491704.0,56.0,491760.0,1298,a
1380,491760.0,330.0,492090.0,1299,San
1381,492090.0,540.0,492630.0,1300,Bruno
1382,492630.0,150.0,492780.0,1301,che
1383,492780.0,120.0,492900.0,1302,vi
1384,492900.0,18.0,492918.0,1303,ho
1385,492918.0,312.0,493230.0,1304,detto
1386,493230.0,13.0,493243.0,1305,è
1387,493243.0,97.0,493340.0,1306,una
1388,493340.0,313.0,493653.0,1307,sorta
1389,493653.0,77.0,493730.0,1308,di
1390,493730.0,490.0,494220.0,1309,evergreen
1391,494220.0,48.0,494268.0,1310,e
1392,494268.0,544.0,494812.0,1311,naturalmente
1393,494812.0,118.0,494930.0,1312,in
1394,494930.0,403.0,495333.0,1313,Certosa
1395,495333.0,387.0,495720.0,1314,essendo
1396,495720.0,23.0,495743.0,1315,il
1397,495743.0,607.0,496350.0,1316,fondatore
1398,496350.0,744.0,497094.0,1317,dell'Ordine
1399,497094.0,276.0,497370.0,1318,<inspiration>
1400,497370.0,145.0,497515.0,1319,una
1401,497515.0,510.0,498025.0,1320,cappella
1402,498025.0,499.0,498524.0,1321,dedicata
1403,498524.0,926.0,499450.0,1322,all'Assunta
1404,499450.0,300.0,499750.0,1323,<inspiration>
1405,499750.0,882.0,500632.0,1324,<ehm>
1406,500632.0,177.0,500809.0,1325,una
1407,500809.0,479.0,501288.0,1326,cappella
1408,501288.0,92.0,501380.0,1327,per
1409,501380.0,350.0,501730.0,1328,esempio
1410,501730.0,780.0,502510.0,1329,dedicata
1411,,,,1329,<aa>
1412,,,,1329,ta
1413,502510.0,260.0,502770.0,1330,<inspiration>
1414,502770.0,208.0,502978.0,1331,<ehm>
1415,502978.0,95.0,503073.0,1332,a
1416,503073.0,277.0,503350.0,1333,San
1417,503350.0,657.0,504007.0,1334,Martino
1418,504007.0,717.0,504724.0,1335,<sp>
1419,504724.0,159.0,504883.0,1336,che
1420,504883.0,189.0,505072.0,1337,è
1421,505072.0,193.0,505265.0,1338,<sp>
1422,505265.0,86.0,505351.0,1339,il
1423,505351.0,599.0,505950.0,1340,santo
1424,505950.0,90.0,506040.0,1341,di
1425,506040.0,369.0,506409.0,1342,fatto
1426,506409.0,38.0,506447.0,1343,a
1427,506447.0,195.0,506642.0,1344,cui
1428,506642.0,34.0,506676.0,1345,è
1429,506676.0,500.0,507176.0,1346,dedicata
1430,507176.0,80.0,507256.0,1347,la
1431,507256.0,494.0,507750.0,1348,Certosa
1432,507750.0,306.0,508056.0,1349,santo
1433,508056.0,794.0,508850.0,1350,francese
1434,508850.0,168.0,509018.0,1351,<sp>
1435,509018.0,100.0,509118.0,1352,se
1436,509118.0,793.0,509911.0,1353,pensate
1437,509911.0,189.0,510100.0,1354,a
1438,510100.0,630.0,510730.0,1355,questa
1439,,,,1355,<aa>
1440,510730.0,327.0,511057.0,1356,piccola
1441,511057.0,673.0,511730.0,1357,informazione
1442,511730.0,84.0,511814.0,1358,è
1443,511814.0,576.0,512390.0,1359,ovvio
1444,512390.0,462.0,512852.0,1360,visto
1445,512852.0,254.0,513106.0,1361,che
1446,513106.0,488.0,513594.0,1362,<inspiration>
1447,513594.0,439.0,514033.0,1363,<sp>
1448,514033.0,55.0,514088.0,1364,a
1449,514088.0,700.0,514788.0,1365,capo
1450,514788.0,478.0,515266.0,1366,insomma
1451,515266.0,216.0,515482.0,1367,sul
1452,515482.0,434.0,515916.0,1368,trono
1453,515916.0,696.0,516612.0,1369,napoletano
1454,516612.0,363.0,516975.0,1370,c'erano
1455,516975.0,95.0,517070.0,1371,dei
1456,517070.0,440.0,517510.0,1372,sovrani
1457,517510.0,100.0,517610.0,1373,di
1458,517610.0,370.0,517980.0,1374,origine
1459,517980.0,519.0,518499.0,1375,francese
1460,518499.0,235.0,518734.0,1376,<inspiration>
1461,518734.0,65.0,518799.0,1377,e
1462,518799.0,381.0,519180.0,1378,poi
1463,519180.0,210.0,519390.0,1379,<ehm>
1464,519390.0,210.0,519600.0,1380,c'è
1465,519600.0,237.0,519837.0,1381,anche
1466,519837.0,447.0,520284.0,1382,una
1467,,,,1382,<aa>
1468,520284.0,211.0,520495.0,1383,<ehm>
1469,520495.0,98.0,520593.0,1384,una
1470,520593.0,400.0,520993.0,1385,cappella
1471,520993.0,459.0,521452.0,1386,dedicata
1472,521452.0,30.0,521482.0,1387,a
1473,521482.0,289.0,521771.0,1388,San
1474,521771.0,328.0,522099.0,1389,Giovanni
1475,522099.0,741.0,522840.0,1390,Battista
1476,522840.0,479.0,523319.0,1391,<inspiration>
1477,523319.0,233.0,523552.0,1392,che
1478,523552.0,178.0,523730.0,1393,in
1479,523730.0,633.0,524363.0,1394,fondo
1480,524363.0,64.0,524427.0,1395,è
1481,524427.0,313.0,524740.0,1396,stato
1482,524740.0,52.0,524792.0,1397,il
1483,524792.0,342.0,525134.0,1398,primo
1484,525134.0,571.0,525705.0,1399,eremita
1485,525705.0,366.0,526071.0,1400,<sp>
1486,526071.0,72.0,526143.0,1401,e
1487,526143.0,327.0,526470.0,1402,quindi
1488,526470.0,271.0,526741.0,1403,anche
1489,526741.0,94.0,526835.0,1404,in
1490,526835.0,341.0,527176.0,1405,questo
1491,527176.0,639.0,527815.0,1406,senso
1492,527815.0,435.0,528250.0,1407,<inspiration>
1493,528250.0,278.0,528528.0,1408,<ehm>
1494,528528.0,57.0,528585.0,1409,è
1495,528585.0,386.0,528971.0,1410,molto
1496,528971.0,529.0,529500.0,1411,caro
1497,529500.0,129.0,529629.0,1412,<tongue-click>
1498,529629.0,91.0,529720.0,1413,ai
1499,529720.0,770.0,530490.0,1414,Certosini
1500,530490.0,299.0,530789.0,1415,quindi
1501,530789.0,223.0,531012.0,1416,come
1502,531012.0,662.0,531674.0,1417,sempre
1503,531674.0,216.0,531890.0,1418,<inspiration>
1504,531890.0,167.0,532057.0,1419,la
1505,532057.0,1242.0,533299.0,1420,decorazione
1506,,,,1420,<ee>
1507,533299.0,222.0,533521.0,1421,<inspiration>
1508,533521.0,411.0,533932.0,1422,<ehm>
1509,533932.0,52.0,533984.0,1423,il
1510,533984.0,280.0,534264.0,1424,prog+ /
1511,534264.0,30.0,534294.0,1425,il
1512,534294.0,510.0,534804.0,1426,cosiddetto
1513,534804.0,526.0,535330.0,1427,programma
1514,535330.0,847.0,536177.0,1428,iconografico
1515,536177.0,73.0,536250.0,1429,di
1516,536250.0,180.0,536430.0,1430,una
1517,536430.0,980.0,537410.0,1431,chiesa
1518,,,,1431,<aa>
1519,537410.0,824.0,538234.0,1432,ma
1520,,,,1432,<aa>
1521,538234.0,376.0,538610.0,1433,anche
1522,538610.0,70.0,538680.0,1434,di
1523,538680.0,140.0,538820.0,1435,un
1524,538820.0,640.0,539460.0,1436,palazzo
1525,539460.0,56.0,539516.0,1437,e
1526,539516.0,644.0,540160.0,1438,quant'altro
1527,540160.0,156.0,540316.0,1439,non
1528,540316.0,55.0,540371.0,1440,è
1529,540371.0,309.0,540680.0,1441,mai
1530,540680.0,624.0,541304.0,1442,casuale
1531,541304.0,206.0,541510.0,1443,ma
1532,541510.0,195.0,541705.0,1444,è
1533,541705.0,775.0,542480.0,1445,figlio
1534,542480.0,339.0,542819.0,1446,<inspiration>
1535,542819.0,297.0,543116.0,1447,<ehm>
1536,543116.0,161.0,543277.0,1448,del
1537,543277.0,533.0,543810.0,1449,contesto
1538,543810.0,152.0,543962.0,1450,in
1539,543962.0,428.0,544390.0,1451,cui
1540,,,,1451,<ii>
1541,544390.0,150.0,544540.0,1452,si
1542,544540.0,400.0,544940.0,1453,trova
1543,544940.0,372.0,545312.0,1454,<inspiration>
1544,545312.0,688.0,546000.0,1455,sulla /
1545,,,,1455,<aa>
1546,,,,1455, /
1547,546000.0,348.0,546348.0,1456,<ehm>
1548,546348.0,218.0,546566.0,1457,nel 
1549,546566.0,432.0,546998.0,1458,soff+ 
1550,546998.0,182.0,547180.0,1459,sul
1551,547180.0,738.0,547918.0,1460,soffitto
1552,547918.0,112.0,548030.0,1461,che
1553,548030.0,275.0,548305.0,1462,noi
1554,548305.0,135.0,548440.0,1463,<eeh>
1555,548440.0,40.0,548480.0,1464,<sp>
1556,548480.0,530.0,549010.0,1465,oggi
1557,549010.0,472.0,549482.0,1466,<sp>
1558,549482.0,68.0,549550.0,1467,<tongue-click>
1559,549550.0,466.0,550016.0,1468,appunto
1560,550016.0,104.0,550120.0,1469,non
1561,550120.0,440.0,550560.0,1470,possiamo
1562,550560.0,578.0,551138.0,1471,vedere
1563,,,,1471,<ee>
1564,551138.0,343.0,551481.0,1472,molto
1565,551481.0,579.0,552060.0,1473,bene
1566,552060.0,242.0,552302.0,1474,<inspiration>
1567,552302.0,118.0,552420.0,1475,che 
1568,552420.0,393.0,552813.0,1476,dobbiamo
1569,552813.0,237.0,553050.0,1477,solo
1570,553050.0,744.0,553794.0,1478,intuire
1571,553794.0,401.0,554195.0,1479,<inspiration>
1572,554195.0,264.0,554459.0,1480,<ehm>
1573,554459.0,649.0,555108.0,1481,interviene
1574,555108.0,179.0,555287.0,1482,uno
1575,555287.0,100.0,555387.0,1483,dei
1576,555387.0,173.0,555560.0,1484,più
1577,555560.0,380.0,555940.0,1485,grandi
1578,555940.0,620.0,556560.0,1486,pittori
1579,,,,1486,<ii>
1580,556560.0,730.0,557290.0,1487,barocchi
1581,557290.0,230.0,557520.0,1488,<inspiration>
1582,557520.0,112.0,557632.0,1489,del
1583,557632.0,674.0,558306.0,1490,Seicento
1584,558306.0,847.0,559153.0,1491,Giovanni
1585,,,,1491,<ii>
1586,559153.0,447.0,559600.0,1492,Giovanni
1587,559600.0,813.0,560413.0,1493,Lanfranco
1588,560413.0,307.0,560720.0,1494,<inspiration>
1589,560720.0,120.0,560840.0,1495,che
1590,560840.0,460.0,561300.0,1496,qui
1591,561300.0,221.0,561521.0,1497,<sp>
1592,561521.0,283.0,561804.0,1498,<ehm>
1593,561804.0,157.0,561961.0,1499,da
1594,561961.0,129.0,562090.0,1500,una
1595,562090.0,339.0,562429.0,1501,parte
1596,562429.0,41.0,562470.0,1502,è
1597,562470.0,843.0,563313.0,1503,costretto
1598,563313.0,777.0,564090.0,1504,diciamo
1599,,,,1504,<oo>
1600,564090.0,454.0,564544.0,1505,a
1601,564544.0,556.0,565100.0,1506,<ehm>
1602,565100.0,340.0,565440.0,1507,fare
1603,565440.0,90.0,565530.0,1508,i
1604,565530.0,745.0,566275.0,1509,conti
1605,566275.0,722.0,566997.0,1510,con
1606,,,,1510,<nn>
1607,566997.0,173.0,567170.0,1511,la
1608,567170.0,690.0,567860.0,1512,struttura
1609,567860.0,823.0,568683.0,1513,stessa
1610,568683.0,727.0,569410.0,1514,<sp>
1611,569410.0,256.0,569666.0,1515,<ehm>
1612,569666.0,505.0,570171.0,1516,del
1613,,,,1516,<ll>
1614,570171.0,158.0,570329.0,1517,del
1615,570329.0,993.0,571322.0,1518,soffitto
1616,571322.0,438.0,571760.0,1519,<inspiration>
1617,571760.0,260.0,572020.0,1520,ma
1618,572020.0,285.0,572305.0,1521,allo
1619,572305.0,415.0,572720.0,1522,stesso
1620,572720.0,579.0,573299.0,1523,tempo
1621,573299.0,682.0,573981.0,1524,inventa
1622,573981.0,107.0,574088.0,1525,un
1623,574088.0,600.0,574688.0,1526,sistema
1624,574688.0,142.0,574830.0,1527,per
1625,574830.0,160.0,574990.0,1528,il
1626,574990.0,578.0,575568.0,1529,quale
1627,575568.0,282.0,575850.0,1530,<inspiration>
1628,575850.0,69.0,575919.0,1531,<ehm>
1629,575919.0,190.0,576109.0,1532,noi
1630,576109.0,461.0,576570.0,1533,riusciamo
1631,576570.0,130.0,576700.0,1534,ad
1632,576700.0,280.0,576980.0,1535,avere
1633,576980.0,195.0,577175.0,1536,una
1634,577175.0,575.0,577750.0,1537,visione
1635,577750.0,573.0,578323.0,1538,diretta
1636,578323.0,147.0,578470.0,1539,di
1637,578470.0,670.0,579140.0,1540,Paradiso
1638,579140.0,96.0,579236.0,1541,<sp>
1639,579236.0,349.0,579585.0,1542,quindi
1640,579585.0,281.0,579866.0,1543,questo
1641,579866.0,492.0,580358.0,1544,soffitto
1642,580358.0,34.0,580392.0,1545,in
1643,580392.0,572.0,580964.0,1546,realtà/
1644,580964.0,266.0,581230.0,1547,<inspiration>
1645,581230.0,289.0,581519.0,1548,<ehm>
1646,581519.0,175.0,581694.0,1549,se
1647,581694.0,358.0,582052.0,1550,potete
1648,582052.0,384.0,582436.0,1551,vedere
1649,582436.0,424.0,582860.0,1552,appunto
1650,582860.0,130.0,582990.0,1553,gli
1651,582990.0,570.0,583560.0,1554,squarci
1652,583560.0,100.0,583660.0,1555,di
1653,583660.0,630.0,584290.0,1556,azzurro
1654,584290.0,100.0,584390.0,1557,che
1655,584390.0,740.0,585130.0,1558,compaiono
1656,585130.0,110.0,585240.0,1559,di
1657,585240.0,260.0,585500.0,1560,qua
1658,585500.0,60.0,585560.0,1561,e
1659,585560.0,171.0,585731.0,1562,di
1660,585731.0,199.0,585930.0,1563,là
1661,585930.0,320.0,586250.0,1564,<inspiration>
1662,586250.0,1145.0,587395.0,1565,<ehm>
1663,587395.0,96.0,587491.0,1566,la
1664,587491.0,413.0,587904.0,1567,pittura
1665,587904.0,86.0,587990.0,1568,di
1666,587990.0,594.0,588584.0,1569,Lanfranco
1667,588584.0,76.0,588660.0,1570,di
1668,588660.0,320.0,588980.0,1571,fatto
1669,588980.0,690.0,589670.0,1572,<ff>finge
1670,589670.0,173.0,589843.0,1573,che
1671,589843.0,79.0,589922.0,1574,un
1672,589922.0,631.0,590553.0,1575,soffitto
1673,590553.0,1020.0,591573.0,1576,non
1674,,,,1576,<nn>
1675,591573.0,157.0,591730.0,1577,non
1676,591730.0,135.0,591865.0,1578,ci
1677,591865.0,245.0,592110.0,1579,sia
1678,592110.0,710.0,592820.0,1580,affatto
1679,592820.0,262.0,593082.0,1581,<inspiration>
1680,593082.0,78.0,593160.0,1582,e
1681,593160.0,590.0,593750.0,1583,quindi
1682,593750.0,206.0,593956.0,1584,<inspiration>
1683,593956.0,246.0,594202.0,1585,<ehm>
1684,594202.0,115.0,594317.0,1586,in
1685,594317.0,494.0,594811.0,1587,maniera
1686,594811.0,911.0,595722.0,1588,illusionistica
1687,595722.0,528.0,596250.0,1589,possiamo
1688,596250.0,769.0,597019.0,1590,direttamente
1689,597019.0,785.0,597804.0,1591,guardare
1690,597804.0,306.0,598110.0,1592,<inspiration>
1691,598110.0,497.0,598607.0,1593,Cristo
1692,598607.0,243.0,598850.0,1594,nella
1693,598850.0,521.0,599371.0,1595,sua
1694,,,,1595,<aa>
1695,599371.0,719.0,600090.0,1596,gloria
1696,600090.0,320.0,600410.0,1597,<tongue-click>
1697,600410.0,50.0,600460.0,1598,<eeh>
1698,600460.0,720.0,601180.0,1599,d'angeli
1699,601180.0,650.0,601830.0,1600,<sp>
1700,601830.0,81.0,601911.0,1601,<tongue-click>
1701,601911.0,959.0,602870.0,1602,ultima
1702,,,,1602,<aa>
1703,602870.0,102.0,602972.0,1603,<tongue-click>
1704,602972.0,358.0,603330.0,1604,cosa
1705,603330.0,113.0,603443.0,1605,che
1706,603443.0,137.0,603580.0,1606,vi
1707,603580.0,264.0,603844.0,1607,vorrei
1708,603844.0,776.0,604620.0,1608,presentare
1709,604620.0,253.0,604873.0,1609,<inspiration>
1710,604873.0,197.0,605070.0,1610,è
1711,605070.0,530.0,605600.0,1611,anche
1712,605600.0,710.0,606310.0,1612,l'altare
1713,606310.0,365.0,606675.0,1613,<sp>
1714,606675.0,922.0,607597.0,1614,<breath>
1715,607597.0,376.0,607973.0,1615,secondo
1716,607973.0,161.0,608134.0,1616,voi
1717,608134.0,96.0,608230.0,1617,di
1718,608230.0,116.0,608346.0,1618,che
1719,608346.0,574.0,608920.0,1619,materiale
1720,608920.0,104.0,609024.0,1620,è
1721,609024.0,3036.0,612060.0,1621,INT
1722,612060.0,130.0,612190.0,1622,<vocal>
1723,612190.0,200.0,612390.0,1623,<sp>
1724,612390.0,274.0,612664.0,1624,però
1725,612664.0,116.0,612780.0,1625,eri
1726,612780.0,730.0,613510.0,1626,preparato
1727,613510.0,1220.0,614730.0,1627,INT
1728,614730.0,502.0,615232.0,1628,<laugh>
1729,615232.0,293.0,615525.0,1629,perché
1730,615525.0,55.0,615580.0,1630,è
1731,615580.0,670.0,616250.0,1631,difficile
1732,616250.0,178.0,616428.0,1632,che
1733,616428.0,772.0,617200.0,1633,un altare
1734,617200.0,44.0,617244.0,1634,in
1735,617244.0,176.0,617420.0,1635,una
1736,617420.0,320.0,617740.0,1636,Chiesa
1737,617740.0,242.0,617982.0,1637,così
1738,617982.0,390.0,618372.0,1638,ricca
1739,618372.0,287.0,618659.0,1639,poi
1740,618659.0,790.0,619449.0,1640,effettivamente
1741,619449.0,693.0,620142.0,1641,rimanga
1742,,,,1641,<aa>
1743,620142.0,268.0,620410.0,1642,<inspiration>
1744,620410.0,380.0,620790.0,1643,<ehm>
1745,620790.0,145.0,620935.0,1644,di
1746,620935.0,613.0,621548.0,1645,legno
1747,621548.0,203.0,621751.0,1646,<inspiration>
1748,621751.0,360.0,622111.0,1647,qui
1749,622111.0,278.0,622389.0,1648,abbiamo 
1750,622389.0,101.0,622490.0,1649,ve
1751,622490.0,147.0,622637.0,1650,l'ho
1752,622637.0,673.0,623310.0,1651,raccontato
1753,623310.0,250.0,623560.0,1652,insomma
1754,623560.0,90.0,623650.0,1653,una
1755,623650.0,510.0,624160.0,1654,provvisione
1756,624160.0,100.0,624260.0,1655,di
1757,624260.0,264.0,624524.0,1656,marmi
1758,624524.0,617.0,625141.0,1657,pregiati
1759,625141.0,319.0,625460.0,1658,pietre
1760,625460.0,344.0,625804.0,1659,dure
1761,625804.0,726.0,626530.0,1660,lapislazzuli
1762,626530.0,30.0,626560.0,1661,e
1763,626560.0,251.0,626811.0,1662,così
1764,626811.0,289.0,627100.0,1663,via
1765,627100.0,148.0,627248.0,1664,che
1766,627248.0,122.0,627370.0,1665,è
1767,627370.0,500.0,627870.0,1666,strano
1768,627870.0,87.0,627957.0,1667,che
1769,627957.0,233.0,628190.0,1668,poi
1770,628190.0,990.0,629180.0,1669,effettivamente
1771,629180.0,410.0,629590.0,1670,<inspiration>
1772,629590.0,1223.0,630813.0,1671,<ehm>
1773,630813.0,927.0,631740.0,1672,l'altare
1774,631740.0,433.0,632173.0,1673,<sp>
1775,632173.0,697.0,632870.0,1674,rimanga
1776,632870.0,80.0,632950.0,1675,di
1777,632950.0,30.0,632980.0,1676,un
1778,632980.0,680.0,633660.0,1677,materiale
1779,633660.0,354.0,634014.0,1678,così
1780,634014.0,806.0,634820.0,1679,poco
1781,,,,1679,<oo>
1782,634820.0,616.0,635436.0,1680,nobile
1783,635436.0,180.0,635616.0,1681,<sp>
1784,635616.0,214.0,635830.0,1682,in
1785,635830.0,488.0,636318.0,1683,effetti
1786,636318.0,352.0,636670.0,1684,questa
1787,636670.0,452.0,637122.0,1685,volta
1788,637122.0,346.0,637468.0,1686,questo
1789,637468.0,26.0,637494.0,1687,è
1790,637494.0,114.0,637608.0,1688,il
1791,637608.0,474.0,638082.0,1689,caso
1792,638082.0,328.0,638410.0,1690,<inspiration>
1793,638410.0,130.0,638540.0,1691,e
1794,638540.0,190.0,638730.0,1692,fu
1795,638730.0,793.0,639523.0,1693,disegnato
1796,639523.0,277.0,639800.0,1694,da
1797,639800.0,89.0,639889.0,1695,<sp>
1798,639889.0,22.0,639911.0,1696,<vocal>
1799,639911.0,699.0,640610.0,1697,Solimena
1800,640610.0,354.0,640964.0,1698,quindi
1801,640964.0,566.0,641530.0,1699,grande
1802,641530.0,310.0,641840.0,1700,<inspiration>
1803,641840.0,230.0,642070.0,1701,<ehm>
1804,642070.0,970.0,643040.0,1702,architetto
1805,643040.0,90.0,643130.0,1703,e
1806,643130.0,847.0,643977.0,1704,pittore
1807,,,,1704,<oo>
1808,,,,1704,re
1809,643977.0,103.0,644080.0,1705,a
1810,644080.0,630.0,644710.0,1706,cavallo
1811,644710.0,170.0,644880.0,1707,tra
1812,644880.0,744.0,645624.0,1708,Seicento
1813,645624.0,96.0,645720.0,1709,e
1814,645720.0,1000.0,646720.0,1710,Settecento
1815,646720.0,291.0,647011.0,1711,<inspiration>
1816,647011.0,308.0,647319.0,1712,e
1817,647319.0,126.0,647445.0,1713,<sp>
1818,647445.0,537.0,647982.0,1714,anche
1819,647982.0,108.0,648090.0,1715,gli
1820,648090.0,810.0,648900.0,1716,angeli
1821,,,,1716,<ii>
1822,648900.0,210.0,649110.0,1717,<sp>
1823,649110.0,590.0,649700.0,1718,<ehm>
1824,649700.0,97.0,649797.0,1719,che
1825,649797.0,874.0,650671.0,1720,vedete
1826,,,,1720,<ee>
1827,650671.0,309.0,650980.0,1721,<ehm>
1828,650980.0,210.0,651190.0,1722,ai
1829,651190.0,380.0,651570.0,1723,lati
1830,651570.0,240.0,651810.0,1724,degli
1831,651810.0,683.0,652493.0,1725,altari
1832,652493.0,267.0,652760.0,1726,anche
1833,652760.0,151.0,652911.0,1727,qu+
1834,652911.0,266.0,653177.0,1728,<unclear>
1835,653177.0,223.0,653400.0,1729,anche
1836,653400.0,280.0,653680.0,1730,questo
1837,653680.0,280.0,653960.0,1731,sai
1838,653960.0,140.0,654100.0,1732,di
1839,654100.0,130.0,654230.0,1733,che
1840,654230.0,240.0,654470.0,1734,cosa
1841,654470.0,450.0,654920.0,1735,sono
1842,654920.0,335.0,655255.0,1736,<inspiration>
1843,655255.0,1875.0,657130.0,1737,INT
1844,657130.0,336.0,657466.0,1738,<laugh>
1845,657466.0,796.0,658262.0,1739,INT
1846,658262.0,301.0,658563.0,1740,no
1847,658563.0,397.0,658960.0,1741,allora
1848,658960.0,440.0,659400.0,1742,questa
1849,659400.0,383.0,659783.0,1743,semb+ /
1850,659783.0,403.0,660186.0,1744,finge
1851,660186.0,94.0,660280.0,1745,il
1852,660280.0,760.0,661040.0,1746,metallo
1853,661040.0,371.0,661411.0,1747,finge
1854,661411.0,638.0,662049.0,1748,l'argento
1855,662049.0,241.0,662290.0,1749,<inspiration>
1856,662290.0,98.0,662388.0,1750,ma
1857,662388.0,101.0,662489.0,1751,è
1858,662489.0,771.0,663260.0,1752,cartapesta
1859,663260.0,898.0,664158.0,1753,<sp>
1860,664158.0,61.0,664219.0,1754,<tongue-click>
1861,664219.0,221.0,664440.0,1755,quindi
1862,664440.0,260.0,664700.0,1756,anche
1863,664700.0,50.0,664750.0,1757,in
1864,664750.0,330.0,665080.0,1758,questo
1865,665080.0,390.0,665470.0,1759,caso
1866,665470.0,270.0,665740.0,1760,<inspiration>
1867,665740.0,130.0,665870.0,1761,un
1868,665870.0,760.0,666630.0,1762,materiale
1869,666630.0,520.0,667150.0,1763,povero
1870,667150.0,400.0,667550.0,1764,<inspiration>
1871,667550.0,670.0,668220.0,1765,l'artista
1872,668220.0,170.0,668390.0,1766,che
1873,668390.0,173.0,668563.0,1767,li
1874,668563.0,597.0,669160.0,1768,realizzò
1875,669160.0,116.0,669276.0,1769,è
1876,669276.0,457.0,669733.0,1770,Giuseppe
1877,669733.0,787.0,670520.0,1771,Sanmartino
1878,670520.0,131.0,670651.0,1772,<sp>
1879,670651.0,127.0,670778.0,1773,non
1880,670778.0,147.0,670925.0,1774,so
1881,670925.0,111.0,671036.0,1775,se
1882,671036.0,534.0,671570.0,1776,conoscete
1883,671570.0,60.0,671630.0,1777,il
1884,671630.0,236.0,671866.0,1778,nome
1885,671866.0,34.0,671900.0,1779,è
1886,671900.0,510.0,672410.0,1780,colui/
1887,672410.0,114.0,672524.0,1781,<vocal>
1888,672524.0,341.0,672865.0,1782,passa
1889,672865.0,235.0,673100.0,1783,per
1890,673100.0,212.0,673312.0,1784,per
1891,673312.0,118.0,673430.0,1785,i
1892,673430.0,409.0,673839.0,1786,più /
1893,673839.0,191.0,674030.0,1787,<sp>
1894,674030.0,738.0,674768.0,1788,<ehm>
1895,674768.0,393.0,675161.0,1789,colui
1896,675161.0,79.0,675240.0,1790,che
1897,675240.0,228.0,675468.0,1791,ha
1898,675468.0,692.0,676160.0,1792,realizzato
1899,676160.0,80.0,676240.0,1793,il
1900,676240.0,327.0,676567.0,1794,Cristo
1901,676567.0,433.0,677000.0,1795,Velato
1902,677000.0,230.0,677230.0,1796,nella
1903,677230.0,770.0,678000.0,1797,cappella
1904,,,,1797,<aa>
1905,678000.0,288.0,678288.0,1798,<inspiration>
1906,678288.0,182.0,678470.0,1799,nella
1907,678470.0,366.0,678836.0,1800,Cappella
1908,678836.0,594.0,679430.0,1801,Sansevero
1909,679430.0,90.0,679520.0,1802,<sp>
1910,679520.0,170.0,679690.0,1803,però
1911,679690.0,80.0,679770.0,1804,in
1912,679770.0,355.0,680125.0,1805,realtà
1913,680125.0,271.0,680396.0,1806,anche
1914,680396.0,341.0,680737.0,1807,qui
1915,680737.0,283.0,681020.0,1808,<inspiration>
1916,681020.0,220.0,681240.0,1809,<ehm>
1917,681240.0,128.0,681368.0,1810,in
1918,681368.0,512.0,681880.0,1811,chiesa
1919,681880.0,239.0,682119.0,1812,<tongue-click>
1920,682119.0,458.0,682577.0,1813,e
1921,,,,1813,<ee>
1922,682577.0,93.0,682670.0,1814,in
1923,682670.0,428.0,683098.0,1815,Certosa
1924,683098.0,372.0,683470.0,1816,abbiamo
1925,683470.0,340.0,683810.0,1817,varie
1926,683810.0,630.0,684440.0,1818,sue
1927,,,,1818,<ee>
1928,684440.0,320.0,684760.0,1819,<inspiration>
1929,684760.0,270.0,685030.0,1820,sue
1930,685030.0,410.0,685440.0,1821,opere
1931,685440.0,290.0,685730.0,1822,<inspiration>
1932,685730.0,219.0,685949.0,1823,tra
1933,685949.0,773.0,686722.0,1824,un attimo
1934,686722.0,270.0,686992.0,1825,<sp>
1935,686992.0,428.0,687420.0,1826,<ehm>
1936,687420.0,162.0,687582.0,1827,ci
1937,687582.0,1018.0,688600.0,1828,sposteremo
1938,688600.0,329.0,688929.0,1829,<sp>
1939,688929.0,221.0,689150.0,1830,alle
1940,689150.0,810.0,689960.0,1831,spalle
1941,689960.0,794.0,690754.0,1832,dell'altare
1942,690754.0,156.0,690910.0,1833,per
1943,690910.0,666.0,691576.0,1834,visitare
1944,691576.0,83.0,691659.0,1835,<sp>
1945,691659.0,118.0,691777.0,1836,il
1946,691777.0,393.0,692170.0,1837,coro
